Timestamp                       Thread     Type        Activity             PID    TTL  
2025-06-20 03:05:07.000000+0100 0x0        Timesync    0x0                  0      0    === system boot: 5B1A2AC4-4BFF-44AB-93EF-7D9342D2E12B
2025-06-20 03:05:07.000000+0100 0x0        Timesync    0x0                  0      0    === log class: in-memory begins
2025-06-20 03:05:07.000135+0100 0x0        Default     0x0                  0      0    kernel: mem_actual: 0xc00000000
 legacy sane_size: 0xbf8000000
2025-06-20 03:05:07.000140+0100 0x0        Default     0x0                  0      0    kernel: PMAP: Supervisor Mode Execute Protection enabled
2025-06-20 03:05:07.000142+0100 0x0        Default     0x0                  0      0    kernel: PMAP: Supervisor Mode Access Protection enabled
2025-06-20 03:05:07.000161+0100 0x0        Default     0x0                  0      0    kernel: Darwin Kernel Version 23.6.0: Fri Nov 15 15:13:28 PST 2024; root:xnu-10063.141.1.702.7~1/RELEASE_X86_64
2025-06-20 03:05:07.011301+0100 0x0        Default     0x0                  0      0    kernel: pmap_startup() delaying init/free of page nums > 0x200000
2025-06-20 03:05:07.028247+0100 0x0        Default     0x0                  0      0    kernel: pmap_startup() init/release time: 16944 microsec
2025-06-20 03:05:07.028249+0100 0x0        Default     0x0                  0      0    kernel: pmap_startup() delayed init/release of 10816737 pages
2025-06-20 03:05:07.028250+0100 0x0        Default     0x0                  0      0    kernel: vm_page_bootstrap: 1413513 free pages, 11136631 wired pages, (up to 10816737 of which are delayed free)
2025-06-20 03:05:07.028332+0100 0x0        Default     0x0                  0      0    kernel: VM boostrap: 73 maps, 153 entries and 128 holes available
2025-06-20 03:05:07.028338+0100 0x0        Default     0x0                  0      0    kernel: Maximum number of VM swap files: 100
2025-06-20 03:05:07.028347+0100 0x0        Default     0x0                  0      0    kernel: kext submap [0x<private> - 0x<private>], kernel text [0x<private> - 0x<private>]
2025-06-20 03:05:07.091990+0100 0x0        Default     0x0                  0      0    kernel: "vm_compressor_mode" is 4
2025-06-20 03:05:07.092029+0100 0x0        Default     0x0                  0      0    kernel: VM bootstrap done: 57 maps, 110 entries and 118 holes left
2025-06-20 03:05:07.097296+0100 0x0        Default     0x0                  0      0    kernel: OSLog stream configured: stream: 8192 bytes, cache: 2112 bytes
2025-06-20 03:05:07.097307+0100 0x0        Default     0x0                  0      0    kernel: Firehose configured: 16 chunks, 8 io pages
2025-06-20 03:05:07.098037+0100 0x0        Default     0x0                  0      0    kernel: Log queues configured: slot count: 192, per-slot size: 32768, total size: 6291456
2025-06-20 03:05:07.098044+0100 0x0        Default     0x0                  0      0    kernel: Long logs support configured: size: 16384
2025-06-20 03:05:07.098052+0100 0x0        Default     0x0                  0      0    kernel: standard timeslicing quantum is 10000 us
2025-06-20 03:05:07.098053+0100 0x0        Default     0x0                  0      0    kernel: standard background quantum is 2500 us
2025-06-20 03:05:07.098073+0100 0x0        Default     0x0                  0      0    kernel: mig_table_max_displ = 54 mach_kobj_count = 375
2025-06-20 03:05:07.109472+0100 0x65       Default     0x0                  0      0    kernel: kdp_core zlib memory 0x7000
2025-06-20 03:05:07.282840+0100 0x72       Default     0x0                  0      0    kernel: PMRD: PMTraceWorker 0x54c47e8e1a181461
2025-06-20 03:05:07.282875+0100 0x72       Default     0x0                  0      0    kernel: PMRD: changePowerStateWithTagToPriv(ON_STATE, 10001)
2025-06-20 03:05:07.282919+0100 0x72       Default     0x0                  0      0    kernel: (AppleACPIPlatform) ACPI:
2025-06-20 03:05:07.282920+0100 0x72       Default     0x0                  0      0    kernel: (AppleACPIPlatform) ACPI:
2025-06-20 03:05:07.282937+0100 0x72       Default     0x0                  0      0    kernel: (AppleACPIPlatform) RSDP 0x0000000090467014 000024 (v02 ALASKA)
2025-06-20 03:05:07.282938+0100 0x72       Default     0x0                  0      0    kernel: (AppleACPIPlatform) RSDP 0x0000000090467014 000024 (v02 ALASKA)
2025-06-20 03:05:07.283051+0100 0x72       Default     0x0                  0      0    kernel: (AppleACPIPlatform) 
2025-06-20 03:05:07.283051+0100 0x72       Default     0x0                  0      0    kernel: (AppleACPIPlatform) 
2025-06-20 03:05:07.283063+0100 0x72       Default     0x0                  0      0    kernel: (AppleACPIPlatform) ACPI:
2025-06-20 03:05:07.283063+0100 0x72       Default     0x0                  0      0    kernel: (AppleACPIPlatform) ACPI:
2025-06-20 03:05:07.283081+0100 0x72       Default     0x0                  0      0    kernel: (AppleACPIPlatform) XSDT 0x000000008FD91000 000164 (v01 ALASKA A M I    01072009 AMI  01000013)
2025-06-20 03:05:07.283081+0100 0x72       Default     0x0                  0      0    kernel: (AppleACPIPlatform) XSDT 0x000000008FD91000 000164 (v01 ALASKA A M I    01072009 AMI  01000013)
2025-06-20 03:05:07.283279+0100 0x72       Default     0x0                  0      0    kernel: (AppleACPIPlatform) 
2025-06-20 03:05:07.283279+0100 0x72       Default     0x0                  0      0    kernel: (AppleACPIPlatform) 
2025-06-20 03:05:07.283292+0100 0x72       Default     0x0                  0      0    kernel: (AppleACPIPlatform) ACPI:
2025-06-20 03:05:07.283292+0100 0x72       Default     0x0                  0      0    kernel: (AppleACPIPlatform) ACPI:
2025-06-20 03:05:07.283309+0100 0x72       Default     0x0                  0      0    kernel: (AppleACPIPlatform) FACP 0x000000008E468000 000114 (v06 ALASKA A M I    01072009 AMI  00010013)
2025-06-20 03:05:07.283310+0100 0x72       Default     0x0                  0      0    kernel: (AppleACPIPlatform) FACP 0x000000008E468000 000114 (v06 ALASKA A M I    01072009 AMI  00010013)
2025-06-20 03:05:07.283507+0100 0x72       Default     0x0                  0      0    kernel: (AppleACPIPlatform) 
2025-06-20 03:05:07.283507+0100 0x72       Default     0x0                  0      0    kernel: (AppleACPIPlatform) 
2025-06-20 03:05:07.283667+0100 0x72       Default     0x0                  0      0    kernel: (AppleACPIPlatform) ACPI:
2025-06-20 03:05:07.283667+0100 0x72       Default     0x0                  0      0    kernel: (AppleACPIPlatform) ACPI:
2025-06-20 03:05:07.283684+0100 0x72       Default     0x0                  0      0    kernel: (AppleACPIPlatform) DSDT 0x000000008FD9D000 07051B (v32 ALASKA A M I    01072009 INTL 20200925)
2025-06-20 03:05:07.283685+0100 0x72       Default     0x0                  0      0    kernel: (AppleACPIPlatform) DSDT 0x000000008FD9D000 07051B (v32 ALASKA A M I    01072009 INTL 20200925)
2025-06-20 03:05:07.283881+0100 0x72       Default     0x0                  0      0    kernel: (AppleACPIPlatform) 
2025-06-20 03:05:07.283882+0100 0x72       Default     0x0                  0      0    kernel: (AppleACPIPlatform) 
2025-06-20 03:05:07.283891+0100 0x72       Default     0x0                  0      0    kernel: (AppleACPIPlatform) ACPI:
2025-06-20 03:05:07.283891+0100 0x72       Default     0x0                  0      0    kernel: (AppleACPIPlatform) ACPI:
2025-06-20 03:05:07.283907+0100 0x72       Default     0x0                  0      0    kernel: (AppleACPIPlatform) FACS 0x0000000090463000 000040
2025-06-20 03:05:07.283908+0100 0x72       Default     0x0                  0      0    kernel: (AppleACPIPlatform) FACS 0x0000000090463000 000040
2025-06-20 03:05:07.283988+0100 0x72       Default     0x0                  0      0    kernel: (AppleACPIPlatform) 
2025-06-20 03:05:07.283988+0100 0x72       Default     0x0                  0      0    kernel: (AppleACPIPlatform) 
2025-06-20 03:05:07.283996+0100 0x72       Default     0x0                  0      0    kernel: (AppleACPIPlatform) ACPI:
2025-06-20 03:05:07.283997+0100 0x72       Default     0x0                  0      0    kernel: (AppleACPIPlatform) ACPI:
2025-06-20 03:05:07.284014+0100 0x72       Default     0x0                  0      0    kernel: (AppleACPIPlatform) HWIN 0x000000008E47E000 00006C (v00 GBT    AMD      00050000 AMI  01000013)
2025-06-20 03:05:07.284014+0100 0x72       Default     0x0                  0      0    kernel: (AppleACPIPlatform) HWIN 0x000000008E47E000 00006C (v00 GBT    AMD      00050000 AMI  01000013)
2025-06-20 03:05:07.284211+0100 0x72       Default     0x0                  0      0    kernel: (AppleACPIPlatform) 
2025-06-20 03:05:07.284211+0100 0x72       Default     0x0                  0      0    kernel: (AppleACPIPlatform) 
2025-06-20 03:05:07.284235+0100 0x72       Default     0x0                  0      0    kernel: (AppleACPIPlatform) ACPI:
2025-06-20 03:05:07.284235+0100 0x72       Default     0x0                  0      0    kernel: (AppleACPIPlatform) ACPI:
2025-06-20 03:05:07.284252+0100 0x72       Default     0x0                  0      0    kernel: (AppleACPIPlatform) SSDT 0x000000008E473000 00A9FB (v02 GBT    GSWApp   00000001 INTL 20230628)
2025-06-20 03:05:07.284252+0100 0x72       Default     0x0                  0      0    kernel: (AppleACPIPlatform) SSDT 0x000000008E473000 00A9FB (v02 GBT    GSWApp   00000001 INTL 20230628)
2025-06-20 03:05:07.284449+0100 0x72       Default     0x0                  0      0    kernel: (AppleACPIPlatform) 
2025-06-20 03:05:07.284449+0100 0x72       Default     0x0                  0      0    kernel: (AppleACPIPlatform) 
2025-06-20 03:05:07.284469+0100 0x72       Default     0x0                  0      0    kernel: (AppleACPIPlatform) ACPI:
2025-06-20 03:05:07.284469+0100 0x72       Default     0x0                  0      0    kernel: (AppleACPIPlatform) ACPI:
2025-06-20 03:05:07.284486+0100 0x72       Default     0x0                  0      0    kernel: (AppleACPIPlatform) SSDT 0x000000008E46A000 00816C (v02 AMD    Splinter 00000002 MSFT 05000000)
2025-06-20 03:05:07.284487+0100 0x72       Default     0x0                  0      0    kernel: (AppleACPIPlatform) SSDT 0x000000008E46A000 00816C (v02 AMD    Splinter 00000002 MSFT 05000000)
2025-06-20 03:05:07.284685+0100 0x72       Default     0x0                  0      0    kernel: (AppleACPIPlatform) 
2025-06-20 03:05:07.284685+0100 0x72       Default     0x0                  0      0    kernel: (AppleACPIPlatform) 
2025-06-20 03:05:07.284694+0100 0x72       Default     0x0                  0      0    kernel: (AppleACPIPlatform) ACPI:
2025-06-20 03:05:07.284694+0100 0x72       Default     0x0                  0      0    kernel: (AppleACPIPlatform) ACPI:
2025-06-20 03:05:07.284709+0100 0x72       Default     0x0                  0      0    kernel: (AppleACPIPlatform) SSDT 0x000000008E469000 000309 (v02 ALASKA CPUSSDT  01072009 AMI  01072009)
2025-06-20 03:05:07.284710+0100 0x72       Default     0x0                  0      0    kernel: (AppleACPIPlatform) SSDT 0x000000008E469000 000309 (v02 ALASKA CPUSSDT  01072009 AMI  01072009)
2025-06-20 03:05:07.284893+0100 0x72       Default     0x0                  0      0    kernel: (AppleACPIPlatform) 
2025-06-20 03:05:07.284893+0100 0x72       Default     0x0                  0      0    kernel: (AppleACPIPlatform) 
2025-06-20 03:05:07.284901+0100 0x72       Default     0x0                  0      0    kernel: (AppleACPIPlatform) ACPI:
2025-06-20 03:05:07.284902+0100 0x72       Default     0x0                  0      0    kernel: (AppleACPIPlatform) ACPI:
2025-06-20 03:05:07.284917+0100 0x72       Default     0x0                  0      0    kernel: (AppleACPIPlatform) FIDT 0x000000008E462000 00009C (v01 ALASKA A M I    01072009 AMI  00010013)
2025-06-20 03:05:07.284918+0100 0x72       Default     0x0                  0      0    kernel: (AppleACPIPlatform) FIDT 0x000000008E462000 00009C (v01 ALASKA A M I    01072009 AMI  00010013)
2025-06-20 03:05:07.285102+0100 0x72       Default     0x0                  0      0    kernel: (AppleACPIPlatform) 
2025-06-20 03:05:07.285102+0100 0x72       Default     0x0                  0      0    kernel: (AppleACPIPlatform) 
2025-06-20 03:05:07.285110+0100 0x72       Default     0x0                  0      0    kernel: (AppleACPIPlatform) ACPI:
2025-06-20 03:05:07.285110+0100 0x72       Default     0x0                  0      0    kernel: (AppleACPIPlatform) ACPI:
2025-06-20 03:05:07.285126+0100 0x72       Default     0x0                  0      0    kernel: (AppleACPIPlatform) MCFG 0x000000008E461000 00003C (v01 ALASKA A M I    01072009 MSFT 00010013)
2025-06-20 03:05:07.285126+0100 0x72       Default     0x0                  0      0    kernel: (AppleACPIPlatform) MCFG 0x000000008E461000 00003C (v01 ALASKA A M I    01072009 MSFT 00010013)
2025-06-20 03:05:07.285309+0100 0x72       Default     0x0                  0      0    kernel: (AppleACPIPlatform) 
2025-06-20 03:05:07.285309+0100 0x72       Default     0x0                  0      0    kernel: (AppleACPIPlatform) 
2025-06-20 03:05:07.285317+0100 0x72       Default     0x0                  0      0    kernel: (AppleACPIPlatform) ACPI:
2025-06-20 03:05:07.285317+0100 0x72       Default     0x0                  0      0    kernel: (AppleACPIPlatform) ACPI:
2025-06-20 03:05:07.285333+0100 0x72       Default     0x0                  0      0    kernel: (AppleACPIPlatform) HPET 0x000000008E460000 000038 (v01 ALASKA A M I    01072009 AMI  00000005)
2025-06-20 03:05:07.285334+0100 0x72       Default     0x0                  0      0    kernel: (AppleACPIPlatform) HPET 0x000000008E460000 000038 (v01 ALASKA A M I    01072009 AMI  00000005)
2025-06-20 03:05:07.285518+0100 0x72       Default     0x0                  0      0    kernel: (AppleACPIPlatform) 
2025-06-20 03:05:07.285518+0100 0x72       Default     0x0                  0      0    kernel: (AppleACPIPlatform) 
2025-06-20 03:05:07.285526+0100 0x72       Default     0x0                  0      0    kernel: (AppleACPIPlatform) ACPI:
2025-06-20 03:05:07.285526+0100 0x72       Default     0x0                  0      0    kernel: (AppleACPIPlatform) ACPI:
2025-06-20 03:05:07.285542+0100 0x72       Default     0x0                  0      0    kernel: (AppleACPIPlatform) WDRT 0x000000008E45F000 000047 (v01 ALASKA A M I    01072009 AMI  00000005)
2025-06-20 03:05:07.285542+0100 0x72       Default     0x0                  0      0    kernel: (AppleACPIPlatform) WDRT 0x000000008E45F000 000047 (v01 ALASKA A M I    01072009 AMI  00000005)
2025-06-20 03:05:07.285725+0100 0x72       Default     0x0                  0      0    kernel: (AppleACPIPlatform) 
2025-06-20 03:05:07.285725+0100 0x72       Default     0x0                  0      0    kernel: (AppleACPIPlatform) 
2025-06-20 03:05:07.285734+0100 0x72       Default     0x0                  0      0    kernel: (AppleACPIPlatform) ACPI:
2025-06-20 03:05:07.285734+0100 0x72       Default     0x0                  0      0    kernel: (AppleACPIPlatform) ACPI:
2025-06-20 03:05:07.285750+0100 0x72       Default     0x0                  0      0    kernel: (AppleACPIPlatform) FPDT 0x000000008E45E000 000044 (v01 ALASKA A M I    01072009 AMI  01000013)
2025-06-20 03:05:07.285750+0100 0x72       Default     0x0                  0      0    kernel: (AppleACPIPlatform) FPDT 0x000000008E45E000 000044 (v01 ALASKA A M I    01072009 AMI  01000013)
2025-06-20 03:05:07.285934+0100 0x72       Default     0x0                  0      0    kernel: (AppleACPIPlatform) 
2025-06-20 03:05:07.285934+0100 0x72       Default     0x0                  0      0    kernel: (AppleACPIPlatform) 
2025-06-20 03:05:07.285957+0100 0x72       Default     0x0                  0      0    kernel: (AppleACPIPlatform) ACPI:
2025-06-20 03:05:07.285957+0100 0x72       Default     0x0                  0      0    kernel: (AppleACPIPlatform) ACPI:
2025-06-20 03:05:07.285972+0100 0x72       Default     0x0                  0      0    kernel: (AppleACPIPlatform) VFCT 0x000000008E3DE000 00B084 (v01 ALASKA A M I    00000001 AMD  31504F47)
2025-06-20 03:05:07.285973+0100 0x72       Default     0x0                  0      0    kernel: (AppleACPIPlatform) VFCT 0x000000008E3DE000 00B084 (v01 ALASKA A M I    00000001 AMD  31504F47)
2025-06-20 03:05:07.286156+0100 0x72       Default     0x0                  0      0    kernel: (AppleACPIPlatform) 
2025-06-20 03:05:07.286156+0100 0x72       Default     0x0                  0      0    kernel: (AppleACPIPlatform) 
2025-06-20 03:05:07.286164+0100 0x72       Default     0x0                  0      0    kernel: (AppleACPIPlatform) ACPI:
2025-06-20 03:05:07.286164+0100 0x72       Default     0x0                  0      0    kernel: (AppleACPIPlatform) ACPI:
2025-06-20 03:05:07.286180+0100 0x72       Default     0x0                  0      0    kernel: (AppleACPIPlatform) BGRT 0x000000008E467000 000038 (v01 ALASKA A M I    01072009 AMI  00010013)
2025-06-20 03:05:07.286181+0100 0x72       Default     0x0                  0      0    kernel: (AppleACPIPlatform) BGRT 0x000000008E467000 000038 (v01 ALASKA A M I    01072009 AMI  00010013)
2025-06-20 03:05:07.286364+0100 0x72       Default     0x0                  0      0    kernel: (AppleACPIPlatform) 
2025-06-20 03:05:07.286364+0100 0x72       Default     0x0                  0      0    kernel: (AppleACPIPlatform) 
2025-06-20 03:05:07.286382+0100 0x72       Default     0x0                  0      0    kernel: (AppleACPIPlatform) ACPI:
2025-06-20 03:05:07.286382+0100 0x72       Default     0x0                  0      0    kernel: (AppleACPIPlatform) ACPI:
2025-06-20 03:05:07.286397+0100 0x72       Default     0x0                  0      0    kernel: (AppleACPIPlatform) SSDT 0x000000008E3D6000 0074CE (v02 AMD    AMD CPU  00000001 AMD  00000001)
2025-06-20 03:05:07.286398+0100 0x72       Default     0x0                  0      0    kernel: (AppleACPIPlatform) SSDT 0x000000008E3D6000 0074CE (v02 AMD    AMD CPU  00000001 AMD  00000001)
2025-06-20 03:05:07.286581+0100 0x72       Default     0x0                  0      0    kernel: (AppleACPIPlatform) 
2025-06-20 03:05:07.286581+0100 0x72       Default     0x0                  0      0    kernel: (AppleACPIPlatform) 
2025-06-20 03:05:07.286589+0100 0x72       Default     0x0                  0      0    kernel: (AppleACPIPlatform) ACPI:
2025-06-20 03:05:07.286590+0100 0x72       Default     0x0                  0      0    kernel: (AppleACPIPlatform) ACPI:
2025-06-20 03:05:07.286606+0100 0x72       Default     0x0                  0      0    kernel: (AppleACPIPlatform) SSDT 0x000000008E466000 000041 (v01 AMD    AppCompD 00000001 INTL 20230628)
2025-06-20 03:05:07.286607+0100 0x72       Default     0x0                  0      0    kernel: (AppleACPIPlatform) SSDT 0x000000008E466000 000041 (v01 AMD    AppCompD 00000001 INTL 20230628)
2025-06-20 03:05:07.286790+0100 0x72       Default     0x0                  0      0    kernel: (AppleACPIPlatform) 
2025-06-20 03:05:07.286790+0100 0x72       Default     0x0                  0      0    kernel: (AppleACPIPlatform) 
2025-06-20 03:05:07.286798+0100 0x72       Default     0x0                  0      0    kernel: (AppleACPIPlatform) ACPI:
2025-06-20 03:05:07.286799+0100 0x72       Default     0x0                  0      0    kernel: (AppleACPIPlatform) ACPI:
2025-06-20 03:05:07.286814+0100 0x72       Default     0x0                  0      0    kernel: (AppleACPIPlatform) TPM2 0x000000008E465000 00004C (v04 ALASKA A M I    00000001 AMI  00000000)
2025-06-20 03:05:07.286814+0100 0x72       Default     0x0                  0      0    kernel: (AppleACPIPlatform) TPM2 0x000000008E465000 00004C (v04 ALASKA A M I    00000001 AMI  00000000)
2025-06-20 03:05:07.286998+0100 0x72       Default     0x0                  0      0    kernel: (AppleACPIPlatform) 
2025-06-20 03:05:07.286998+0100 0x72       Default     0x0                  0      0    kernel: (AppleACPIPlatform) 
2025-06-20 03:05:07.287006+0100 0x72       Default     0x0                  0      0    kernel: (AppleACPIPlatform) ACPI:
2025-06-20 03:05:07.287006+0100 0x72       Default     0x0                  0      0    kernel: (AppleACPIPlatform) ACPI:
2025-06-20 03:05:07.287022+0100 0x72       Default     0x0                  0      0    kernel: (AppleACPIPlatform) WPBT 0x000000008E464000 000034 (v01 ALASKA A M I    00000001 GBT  25021107)
2025-06-20 03:05:07.287022+0100 0x72       Default     0x0                  0      0    kernel: (AppleACPIPlatform) WPBT 0x000000008E464000 000034 (v01 ALASKA A M I    00000001 GBT  25021107)
2025-06-20 03:05:07.287206+0100 0x72       Default     0x0                  0      0    kernel: (AppleACPIPlatform) 
2025-06-20 03:05:07.287206+0100 0x72       Default     0x0                  0      0    kernel: (AppleACPIPlatform) 
2025-06-20 03:05:07.287214+0100 0x72       Default     0x0                  0      0    kernel: (AppleACPIPlatform) ACPI:
2025-06-20 03:05:07.287215+0100 0x72       Default     0x0                  0      0    kernel: (AppleACPIPlatform) ACPI:
2025-06-20 03:05:07.287230+0100 0x72       Default     0x0                  0      0    kernel: (AppleACPIPlatform) SSDT 0x000000008E463000 0006D4 (v02 AMD    CPMWLRC  00000001 INTL 20230628)
2025-06-20 03:05:07.287230+0100 0x72       Default     0x0                  0      0    kernel: (AppleACPIPlatform) SSDT 0x000000008E463000 0006D4 (v02 AMD    CPMWLRC  00000001 INTL 20230628)
2025-06-20 03:05:07.287413+0100 0x72       Default     0x0                  0      0    kernel: (AppleACPIPlatform) 
2025-06-20 03:05:07.287413+0100 0x72       Default     0x0                  0      0    kernel: (AppleACPIPlatform) 
2025-06-20 03:05:07.287422+0100 0x72       Default     0x0                  0      0    kernel: (AppleACPIPlatform) ACPI:
2025-06-20 03:05:07.287422+0100 0x72       Default     0x0                  0      0    kernel: (AppleACPIPlatform) ACPI:
2025-06-20 03:05:07.287438+0100 0x72       Default     0x0                  0      0    kernel: (AppleACPIPlatform) SSDT 0x000000008E33E000 0008BA (v02 AMD    CPMDFDG2 00000001 INTL 20230628)
2025-06-20 03:05:07.287438+0100 0x72       Default     0x0                  0      0    kernel: (AppleACPIPlatform) SSDT 0x000000008E33E000 0008BA (v02 AMD    CPMDFDG2 00000001 INTL 20230628)
2025-06-20 03:05:07.287622+0100 0x72       Default     0x0                  0      0    kernel: (AppleACPIPlatform) 
2025-06-20 03:05:07.287622+0100 0x72       Default     0x0                  0      0    kernel: (AppleACPIPlatform) 
2025-06-20 03:05:07.287631+0100 0x72       Default     0x0                  0      0    kernel: (AppleACPIPlatform) ACPI:
2025-06-20 03:05:07.287631+0100 0x72       Default     0x0                  0      0    kernel: (AppleACPIPlatform) ACPI:
2025-06-20 03:05:07.287646+0100 0x72       Default     0x0                  0      0    kernel: (AppleACPIPlatform) SSDT 0x000000008E33D000 000788 (v02 AMD    CPMDFIG5 00000001 INTL 20230628)
2025-06-20 03:05:07.287647+0100 0x72       Default     0x0                  0      0    kernel: (AppleACPIPlatform) SSDT 0x000000008E33D000 000788 (v02 AMD    CPMDFIG5 00000001 INTL 20230628)
2025-06-20 03:05:07.287829+0100 0x72       Default     0x0                  0      0    kernel: (AppleACPIPlatform) 
2025-06-20 03:05:07.287830+0100 0x72       Default     0x0                  0      0    kernel: (AppleACPIPlatform) 
2025-06-20 03:05:07.287849+0100 0x72       Default     0x0                  0      0    kernel: (AppleACPIPlatform) ACPI:
2025-06-20 03:05:07.287850+0100 0x72       Default     0x0                  0      0    kernel: (AppleACPIPlatform) ACPI:
2025-06-20 03:05:07.287865+0100 0x72       Default     0x0                  0      0    kernel: (AppleACPIPlatform) SSDT 0x000000008E333000 0097C3 (v02 AMD    CPMCMN   00000001 INTL 20230628)
2025-06-20 03:05:07.287866+0100 0x72       Default     0x0                  0      0    kernel: (AppleACPIPlatform) SSDT 0x000000008E333000 0097C3 (v02 AMD    CPMCMN   00000001 INTL 20230628)
2025-06-20 03:05:07.288049+0100 0x72       Default     0x0                  0      0    kernel: (AppleACPIPlatform) 
2025-06-20 03:05:07.288050+0100 0x72       Default     0x0                  0      0    kernel: (AppleACPIPlatform) 
2025-06-20 03:05:07.288062+0100 0x72       Default     0x0                  0      0    kernel: (AppleACPIPlatform) ACPI:
2025-06-20 03:05:07.288063+0100 0x72       Default     0x0                  0      0    kernel: (AppleACPIPlatform) ACPI:
2025-06-20 03:05:07.288078+0100 0x72       Default     0x0                  0      0    kernel: (AppleACPIPlatform) SSDT 0x000000008E330000 002755 (v02 AMD    AOD      00000001 INTL 20230628)
2025-06-20 03:05:07.288078+0100 0x72       Default     0x0                  0      0    kernel: (AppleACPIPlatform) SSDT 0x000000008E330000 002755 (v02 AMD    AOD      00000001 INTL 20230628)
2025-06-20 03:05:07.288261+0100 0x72       Default     0x0                  0      0    kernel: (AppleACPIPlatform) 
2025-06-20 03:05:07.288261+0100 0x72       Default     0x0                  0      0    kernel: (AppleACPIPlatform) 
2025-06-20 03:05:07.288269+0100 0x72       Default     0x0                  0      0    kernel: (AppleACPIPlatform) ACPI:
2025-06-20 03:05:07.288270+0100 0x72       Default     0x0                  0      0    kernel: (AppleACPIPlatform) ACPI:
2025-06-20 03:05:07.288285+0100 0x72       Default     0x0                  0      0    kernel: (AppleACPIPlatform) WSMT 0x000000008E32F000 000028 (v01 ALASKA A M I    01072009 AMI  00010013)
2025-06-20 03:05:07.288286+0100 0x72       Default     0x0                  0      0    kernel: (AppleACPIPlatform) WSMT 0x000000008E32F000 000028 (v01 ALASKA A M I    01072009 AMI  00010013)
2025-06-20 03:05:07.288469+0100 0x72       Default     0x0                  0      0    kernel: (AppleACPIPlatform) 
2025-06-20 03:05:07.288470+0100 0x72       Default     0x0                  0      0    kernel: (AppleACPIPlatform) 
2025-06-20 03:05:07.288479+0100 0x72       Default     0x0                  0      0    kernel: (AppleACPIPlatform) ACPI:
2025-06-20 03:05:07.288479+0100 0x72       Default     0x0                  0      0    kernel: (AppleACPIPlatform) ACPI:
2025-06-20 03:05:07.288494+0100 0x72       Default     0x0                  0      0    kernel: (AppleACPIPlatform) APIC 0x000000008E32E000 00015E (v06 ALASKA A M I    01072009 AMI  00010013)
2025-06-20 03:05:07.288495+0100 0x72       Default     0x0                  0      0    kernel: (AppleACPIPlatform) APIC 0x000000008E32E000 00015E (v06 ALASKA A M I    01072009 AMI  00010013)
2025-06-20 03:05:07.288678+0100 0x72       Default     0x0                  0      0    kernel: (AppleACPIPlatform) 
2025-06-20 03:05:07.288678+0100 0x72       Default     0x0                  0      0    kernel: (AppleACPIPlatform) 
2025-06-20 03:05:07.288687+0100 0x72       Default     0x0                  0      0    kernel: (AppleACPIPlatform) ACPI:
2025-06-20 03:05:07.288688+0100 0x72       Default     0x0                  0      0    kernel: (AppleACPIPlatform) ACPI:
2025-06-20 03:05:07.288703+0100 0x72       Default     0x0                  0      0    kernel: (AppleACPIPlatform) SSDT 0x000000008E32D000 000500 (v02 AMD    MEMTOOL0 00000002 INTL 20230628)
2025-06-20 03:05:07.288704+0100 0x72       Default     0x0                  0      0    kernel: (AppleACPIPlatform) SSDT 0x000000008E32D000 000500 (v02 AMD    MEMTOOL0 00000002 INTL 20230628)
2025-06-20 03:05:07.288887+0100 0x72       Default     0x0                  0      0    kernel: (AppleACPIPlatform) 
2025-06-20 03:05:07.288888+0100 0x72       Default     0x0                  0      0    kernel: (AppleACPIPlatform) 
2025-06-20 03:05:07.288896+0100 0x72       Default     0x0                  0      0    kernel: (AppleACPIPlatform) ACPI:
2025-06-20 03:05:07.288897+0100 0x72       Default     0x0                  0      0    kernel: (AppleACPIPlatform) ACPI:
2025-06-20 03:05:07.288912+0100 0x72       Default     0x0                  0      0    kernel: (AppleACPIPlatform) SSDT 0x000000008E32C000 0009D0 (v02 AMD    CPMMSOSC 00000001 INTL 20230628)
2025-06-20 03:05:07.288913+0100 0x72       Default     0x0                  0      0    kernel: (AppleACPIPlatform) SSDT 0x000000008E32C000 0009D0 (v02 AMD    CPMMSOSC 00000001 INTL 20230628)
2025-06-20 03:05:07.289096+0100 0x72       Default     0x0                  0      0    kernel: (AppleACPIPlatform) 
2025-06-20 03:05:07.289096+0100 0x72       Default     0x0                  0      0    kernel: (AppleACPIPlatform) 
2025-06-20 03:05:07.289105+0100 0x72       Default     0x0                  0      0    kernel: (AppleACPIPlatform) ACPI:
2025-06-20 03:05:07.289105+0100 0x72       Default     0x0                  0      0    kernel: (AppleACPIPlatform) ACPI:
2025-06-20 03:05:07.289121+0100 0x72       Default     0x0                  0      0    kernel: (AppleACPIPlatform) SSDT 0x000000008E32B000 00047C (v02 AMD    AMDWOV   00000001 INTL 20230628)
2025-06-20 03:05:07.289121+0100 0x72       Default     0x0                  0      0    kernel: (AppleACPIPlatform) SSDT 0x000000008E32B000 00047C (v02 AMD    AMDWOV   00000001 INTL 20230628)
2025-06-20 03:05:07.289304+0100 0x72       Default     0x0                  0      0    kernel: (AppleACPIPlatform) 
2025-06-20 03:05:07.289304+0100 0x72       Default     0x0                  0      0    kernel: (AppleACPIPlatform) 
2025-06-20 03:05:07.289314+0100 0x72       Default     0x0                  0      0    kernel: (AppleACPIPlatform) ACPI:
2025-06-20 03:05:07.289315+0100 0x72       Default     0x0                  0      0    kernel: (AppleACPIPlatform) ACPI:
2025-06-20 03:05:07.289330+0100 0x72       Default     0x0                  0      0    kernel: (AppleACPIPlatform) SSDT 0x000000008E329000 001046 (v02 AMD    CPMACPV4 00000001 INTL 20230628)
2025-06-20 03:05:07.289331+0100 0x72       Default     0x0                  0      0    kernel: (AppleACPIPlatform) SSDT 0x000000008E329000 001046 (v02 AMD    CPMACPV4 00000001 INTL 20230628)
2025-06-20 03:05:07.289515+0100 0x72       Default     0x0                  0      0    kernel: (AppleACPIPlatform) 
2025-06-20 03:05:07.289515+0100 0x72       Default     0x0                  0      0    kernel: (AppleACPIPlatform) 
2025-06-20 03:05:07.289523+0100 0x72       Default     0x0                  0      0    kernel: (AppleACPIPlatform) ACPI:
2025-06-20 03:05:07.289524+0100 0x72       Default     0x0                  0      0    kernel: (AppleACPIPlatform) ACPI:
2025-06-20 03:05:07.289539+0100 0x72       Default     0x0                  0      0    kernel: (AppleACPIPlatform) SSDT 0x000000008E328000 00044E (v02 AMD    AmdTable 00000001 INTL 20230628)
2025-06-20 03:05:07.289540+0100 0x72       Default     0x0                  0      0    kernel: (AppleACPIPlatform) SSDT 0x000000008E328000 00044E (v02 AMD    AmdTable 00000001 INTL 20230628)
2025-06-20 03:05:07.289723+0100 0x72       Default     0x0                  0      0    kernel: (AppleACPIPlatform) 
2025-06-20 03:05:07.289723+0100 0x72       Default     0x0                  0      0    kernel: (AppleACPIPlatform) 
2025-06-20 03:05:07.289732+0100 0x72       Default     0x0                  0      0    kernel: (AppleACPIPlatform) ACPI:
2025-06-20 03:05:07.289732+0100 0x72       Default     0x0                  0      0    kernel: (AppleACPIPlatform) ACPI:
2025-06-20 03:05:07.289747+0100 0x72       Default     0x0                  0      0    kernel: (AppleACPIPlatform) SSDT 0x000000008E327000 000771 (v02 AMD    AmdTable 00000001 INTL 20230628)
2025-06-20 03:05:07.289748+0100 0x72       Default     0x0                  0      0    kernel: (AppleACPIPlatform) SSDT 0x000000008E327000 000771 (v02 AMD    AmdTable 00000001 INTL 20230628)
2025-06-20 03:05:07.289930+0100 0x72       Default     0x0                  0      0    kernel: (AppleACPIPlatform) 
2025-06-20 03:05:07.289930+0100 0x72       Default     0x0                  0      0    kernel: (AppleACPIPlatform) 
2025-06-20 03:05:07.289938+0100 0x72       Default     0x0                  0      0    kernel: (AppleACPIPlatform) ACPI:
2025-06-20 03:05:07.289939+0100 0x72       Default     0x0                  0      0    kernel: (AppleACPIPlatform) ACPI:
2025-06-20 03:05:07.289954+0100 0x72       Default     0x0                  0      0    kernel: (AppleACPIPlatform) SSDT 0x000000008FD9C000 00007D (v02 ZPSS   EC       00001000 INTL 20241212)
2025-06-20 03:05:07.289955+0100 0x72       Default     0x0                  0      0    kernel: (AppleACPIPlatform) SSDT 0x000000008FD9C000 00007D (v02 ZPSS   EC       00001000 INTL 20241212)
2025-06-20 03:05:07.290139+0100 0x72       Default     0x0                  0      0    kernel: (AppleACPIPlatform) 
2025-06-20 03:05:07.290139+0100 0x72       Default     0x0                  0      0    kernel: (AppleACPIPlatform) 
2025-06-20 03:05:07.290147+0100 0x72       Default     0x0                  0      0    kernel: (AppleACPIPlatform) ACPI:
2025-06-20 03:05:07.290148+0100 0x72       Default     0x0                  0      0    kernel: (AppleACPIPlatform) ACPI:
2025-06-20 03:05:07.290163+0100 0x72       Default     0x0                  0      0    kernel: (AppleACPIPlatform) SSDT 0x000000008FD9B000 000640 (v02 ZPSS   CpuPlugA 00003000 INTL 20241212)
2025-06-20 03:05:07.290163+0100 0x72       Default     0x0                  0      0    kernel: (AppleACPIPlatform) SSDT 0x000000008FD9B000 000640 (v02 ZPSS   CpuPlugA 00003000 INTL 20241212)
2025-06-20 03:05:07.290347+0100 0x72       Default     0x0                  0      0    kernel: (AppleACPIPlatform) 
2025-06-20 03:05:07.290347+0100 0x72       Default     0x0                  0      0    kernel: (AppleACPIPlatform) 
2025-06-20 03:05:07.290355+0100 0x72       Default     0x0                  0      0    kernel: (AppleACPIPlatform) ACPI:
2025-06-20 03:05:07.290355+0100 0x72       Default     0x0                  0      0    kernel: (AppleACPIPlatform) ACPI:
2025-06-20 03:05:07.290371+0100 0x72       Default     0x0                  0      0    kernel: (AppleACPIPlatform) SSDT 0x000000008FD9A000 000069 (v02 ZPSS   MCHC     00000000 INTL 20241212)
2025-06-20 03:05:07.290371+0100 0x72       Default     0x0                  0      0    kernel: (AppleACPIPlatform) SSDT 0x000000008FD9A000 000069 (v02 ZPSS   MCHC     00000000 INTL 20241212)
2025-06-20 03:05:07.290554+0100 0x72       Default     0x0                  0      0    kernel: (AppleACPIPlatform) 
2025-06-20 03:05:07.290555+0100 0x72       Default     0x0                  0      0    kernel: (AppleACPIPlatform) 
2025-06-20 03:05:07.290563+0100 0x72       Default     0x0                  0      0    kernel: (AppleACPIPlatform) ACPI:
2025-06-20 03:05:07.290563+0100 0x72       Default     0x0                  0      0    kernel: (AppleACPIPlatform) ACPI:
2025-06-20 03:05:07.290579+0100 0x72       Default     0x0                  0      0    kernel: (AppleACPIPlatform) SSDT 0x000000008FD99000 000080 (v02 ZPSS   SBUS     00000000 INTL 20241212)
2025-06-20 03:05:07.290579+0100 0x72       Default     0x0                  0      0    kernel: (AppleACPIPlatform) SSDT 0x000000008FD99000 000080 (v02 ZPSS   SBUS     00000000 INTL 20241212)
2025-06-20 03:05:07.290763+0100 0x72       Default     0x0                  0      0    kernel: (AppleACPIPlatform) 
2025-06-20 03:05:07.290763+0100 0x72       Default     0x0                  0      0    kernel: (AppleACPIPlatform) 
2025-06-20 03:05:07.290771+0100 0x72       Default     0x0                  0      0    kernel: (AppleACPIPlatform) ACPI:
2025-06-20 03:05:07.290771+0100 0x72       Default     0x0                  0      0    kernel: (AppleACPIPlatform) ACPI:
2025-06-20 03:05:07.290787+0100 0x72       Default     0x0                  0      0    kernel: (AppleACPIPlatform) SSDT 0x000000008FD98000 00010A (v02 EXXT   IGPU     00000000 INTL 20200925)
2025-06-20 03:05:07.290788+0100 0x72       Default     0x0                  0      0    kernel: (AppleACPIPlatform) SSDT 0x000000008FD98000 00010A (v02 EXXT   IGPU     00000000 INTL 20200925)
2025-06-20 03:05:07.290971+0100 0x72       Default     0x0                  0      0    kernel: (AppleACPIPlatform) 
2025-06-20 03:05:07.290971+0100 0x72       Default     0x0                  0      0    kernel: (AppleACPIPlatform) 
2025-06-20 03:05:07.290981+0100 0x72       Default     0x0                  0      0    kernel: (AppleACPIPlatform) ACPI:
2025-06-20 03:05:07.290981+0100 0x72       Default     0x0                  0      0    kernel: (AppleACPIPlatform) ACPI:
2025-06-20 03:05:07.290997+0100 0x72       Default     0x0                  0      0    kernel: (AppleACPIPlatform) SSDT 0x000000008FD97000 0001C3 (v02 ZPSS   UsbReset 00001000 INTL 20241212)
2025-06-20 03:05:07.290997+0100 0x72       Default     0x0                  0      0    kernel: (AppleACPIPlatform) SSDT 0x000000008FD97000 0001C3 (v02 ZPSS   UsbReset 00001000 INTL 20241212)
2025-06-20 03:05:07.291180+0100 0x72       Default     0x0                  0      0    kernel: (AppleACPIPlatform) 
2025-06-20 03:05:07.291180+0100 0x72       Default     0x0                  0      0    kernel: (AppleACPIPlatform) 
2025-06-20 03:05:07.291189+0100 0x72       Default     0x0                  0      0    kernel: (AppleACPIPlatform) ACPI:
2025-06-20 03:05:07.291189+0100 0x72       Default     0x0                  0      0    kernel: (AppleACPIPlatform) ACPI:
2025-06-20 03:05:07.291205+0100 0x72       Default     0x0                  0      0    kernel: (AppleACPIPlatform) SSDT 0x000000008FD96000 0001DF (v02 CORP   RHBReset 00001000 INTL 20200925)
2025-06-20 03:05:07.291205+0100 0x72       Default     0x0                  0      0    kernel: (AppleACPIPlatform) SSDT 0x000000008FD96000 0001DF (v02 CORP   RHBReset 00001000 INTL 20200925)
2025-06-20 03:05:07.291388+0100 0x72       Default     0x0                  0      0    kernel: (AppleACPIPlatform) 
2025-06-20 03:05:07.291389+0100 0x72       Default     0x0                  0      0    kernel: (AppleACPIPlatform) 
2025-06-20 03:05:07.291399+0100 0x72       Default     0x0                  0      0    kernel: (AppleACPIPlatform) ACPI:
2025-06-20 03:05:07.291399+0100 0x72       Default     0x0                  0      0    kernel: (AppleACPIPlatform) ACPI:
2025-06-20 03:05:07.291415+0100 0x72       Default     0x0                  0      0    kernel: (AppleACPIPlatform) SSDT 0x000000008FD95000 0000D8 (v02 ZPSS   USBX     00001000 INTL 20241212)
2025-06-20 03:05:07.291415+0100 0x72       Default     0x0                  0      0    kernel: (AppleACPIPlatform) SSDT 0x000000008FD95000 0000D8 (v02 ZPSS   USBX     00001000 INTL 20241212)
2025-06-20 03:05:07.291598+0100 0x72       Default     0x0                  0      0    kernel: (AppleACPIPlatform) 
2025-06-20 03:05:07.291598+0100 0x72       Default     0x0                  0      0    kernel: (AppleACPIPlatform) 
2025-06-20 03:05:07.291606+0100 0x72       Default     0x0                  0      0    kernel: (AppleACPIPlatform) ACPI:
2025-06-20 03:05:07.291607+0100 0x72       Default     0x0                  0      0    kernel: (AppleACPIPlatform) ACPI:
2025-06-20 03:05:07.291622+0100 0x72       Default     0x0                  0      0    kernel: (AppleACPIPlatform) SSDT 0x000000008FD94000 0000BF (v02 OSY86  USBW     00001000 INTL 20200925)
2025-06-20 03:05:07.291623+0100 0x72       Default     0x0                  0      0    kernel: (AppleACPIPlatform) SSDT 0x000000008FD94000 0000BF (v02 OSY86  USBW     00001000 INTL 20200925)
2025-06-20 03:05:07.291805+0100 0x72       Default     0x0                  0      0    kernel: (AppleACPIPlatform) 
2025-06-20 03:05:07.291806+0100 0x72       Default     0x0                  0      0    kernel: (AppleACPIPlatform) 
2025-06-20 03:05:07.291814+0100 0x72       Default     0x0                  0      0    kernel: (AppleACPIPlatform) ACPI:
2025-06-20 03:05:07.291814+0100 0x72       Default     0x0                  0      0    kernel: (AppleACPIPlatform) ACPI:
2025-06-20 03:05:07.291830+0100 0x72       Default     0x0                  0      0    kernel: (AppleACPIPlatform) SSDT 0x000000008FD93000 000065 (v02 ZPSS   _PRW     00000000 INTL 20241212)
2025-06-20 03:05:07.291830+0100 0x72       Default     0x0                  0      0    kernel: (AppleACPIPlatform) SSDT 0x000000008FD93000 000065 (v02 ZPSS   _PRW     00000000 INTL 20241212)
2025-06-20 03:05:07.292013+0100 0x72       Default     0x0                  0      0    kernel: (AppleACPIPlatform) 
2025-06-20 03:05:07.292013+0100 0x72       Default     0x0                  0      0    kernel: (AppleACPIPlatform) 
2025-06-20 03:05:07.292021+0100 0x72       Default     0x0                  0      0    kernel: (AppleACPIPlatform) ACPI:
2025-06-20 03:05:07.292021+0100 0x72       Default     0x0                  0      0    kernel: (AppleACPIPlatform) ACPI:
2025-06-20 03:05:07.292037+0100 0x72       Default     0x0                  0      0    kernel: (AppleACPIPlatform) SSDT 0x000000008FD92000 000064 (v02 KGP    DTPG     00001000 INTL 20180427)
2025-06-20 03:05:07.292038+0100 0x72       Default     0x0                  0      0    kernel: (AppleACPIPlatform) SSDT 0x000000008FD92000 000064 (v02 KGP    DTPG     00001000 INTL 20180427)
2025-06-20 03:05:07.292223+0100 0x72       Default     0x0                  0      0    kernel: (AppleACPIPlatform) 
2025-06-20 03:05:07.292223+0100 0x72       Default     0x0                  0      0    kernel: (AppleACPIPlatform) 
2025-06-20 03:05:07.292882+0100 0x78       Default     0x0                  0      0    kernel: (AppleImage4) Darwin Image4 Validator Version 6.3.0: Fri Nov 15 15:02:32 PST 2024; root:AppleImage4-257.140.2~255/AppleImage4/RELEASE_X86_64
2025-06-20 03:05:07.293194+0100 0x78       Default     0x0                  0      0    kernel: calling mpo_policy_init for AppleImage4
2025-06-20 03:05:07.293294+0100 0x78       Default     0x0                  0      0    kernel: Security policy loaded: AppleImage4 hooks (AppleImage4)
2025-06-20 03:05:07.293509+0100 0x79       Default     0x0                  0      0    kernel: PMRD: power event 7 args 0x54c47e92e5da73c1 0x0
2025-06-20 03:05:07.293511+0100 0x79       Default     0x0                  0      0    kernel: PMRD: power event 7 args 0x54c47e92e5da6561 0x0
2025-06-20 03:05:07.293525+0100 0x79       Default     0x0                  0      0    kernel: PMRD: PowerChangeOverride (OFF_STATE->ON_STATE, f, 0x2) tag 0x20064
2025-06-20 03:05:07.293529+0100 0x79       Default     0x0                  0      0    kernel: PMRD: sysPowerDownHandler message kIOMessageSystemCapabilityChange
2025-06-20 03:05:07.293530+0100 0x79       Default     0x0                  0      0    kernel: PMRD: sysPowerDownHandler cap f -> f (flags 1)
2025-06-20 03:05:07.293542+0100 0x79       Default     0x0                  0      0    kernel: PMRD: sysPowerDownHandler message kIOMessageSystemCapabilityChange
2025-06-20 03:05:07.293542+0100 0x79       Default     0x0                  0      0    kernel: PMRD: sysPowerDownHandler cap f -> f (flags 2)
2025-06-20 03:05:07.293543+0100 0x79       Default     0x0                  0      0    kernel: PMRD: tellChangeUp OFF_STATE->ON_STATE
2025-06-20 03:05:07.293545+0100 0x79       Default     0x0                  0      0    kernel: PMRD: PowerChangeDone: OFF_STATE->ON_STATE
2025-06-20 03:05:07.293547+0100 0x79       Default     0x0                  0      0    kernel: PMRD: PowerChangeOverride (ON_STATE->ON_STATE, f, 0x2) tag 0x10001
2025-06-20 03:05:07.293548+0100 0x79       Default     0x0                  0      0    kernel: PMRD: PowerChangeDone: ON_STATE->ON_STATE
2025-06-20 03:05:07.293549+0100 0x79       Default     0x0                  0      0    kernel: PMRD: PowerChangeOverride (ON_STATE->ON_STATE, f, 0x302) tag 0x30064
2025-06-20 03:05:07.293550+0100 0x79       Default     0x0                  0      0    kernel: PMRD: PowerChangeDone: ON_STATE->ON_STATE
2025-06-20 03:05:07.293551+0100 0x79       Default     0x0                  0      0    kernel: PMRD: PowerChangeOverride (ON_STATE->ON_STATE, f, 0x302) tag 0x40064
2025-06-20 03:05:07.293552+0100 0x79       Default     0x0                  0      0    kernel: PMRD: PowerChangeDone: ON_STATE->ON_STATE
2025-06-20 03:05:07.304830+0100 0x78       Default     0x0                  0      0    kernel: (AppleMobileFileIntegrity) AMFI: queried model name from device tree: ACPI
2025-06-20 03:05:07.304950+0100 0x78       Default     0x0                  0      0    kernel: calling mpo_policy_init for AMFI
2025-06-20 03:05:07.305034+0100 0x78       Default     0x0                  0      0    kernel: Security policy loaded: Apple Mobile File Integrity (AMFI)
2025-06-20 03:05:07.305186+0100 0x78       Default     0x0                  0      0    kernel: calling mpo_policy_init for Sandbox
2025-06-20 03:05:07.305314+0100 0x78       Default     0x0                  0      0    kernel: Security policy loaded: Seatbelt sandbox policy (Sandbox)
2025-06-20 03:05:07.305522+0100 0x78       Default     0x0                  0      0    kernel: calling mpo_policy_init for Quarantine
2025-06-20 03:05:07.305622+0100 0x78       Default     0x0                  0      0    kernel: Security policy loaded: Quarantine policy (Quarantine)
2025-06-20 03:05:07.306805+0100 0x78       Default     0x0                  0      0    3E1326CF-F9E2-3214-82A3-081100FBD733: (missing UUID) <compose failure [missing precomposed log]>
2025-06-20 03:05:07.307311+0100 0x78       Default     0x0                  0      0    3E1326CF-F9E2-3214-82A3-081100FBD733: (missing UUID) <compose failure [missing precomposed log]>
2025-06-20 03:05:07.307709+0100 0x78       Default     0x0                  0      0    3E1326CF-F9E2-3214-82A3-081100FBD733: (missing UUID) <compose failure [missing precomposed log]>
2025-06-20 03:05:07.307985+0100 0x78       Default     0x0                  0      0    3E1326CF-F9E2-3214-82A3-081100FBD733: (missing UUID) <compose failure [missing precomposed log]>
2025-06-20 03:05:07.308760+0100 0x78       Default     0x0                  0      0    kernel: calling mpo_policy_init for RestrictEvents
2025-06-20 03:05:07.308867+0100 0x78       Default     0x0                  0      0    kernel: Security policy loaded: RestrictEvents Kernel Extension 1.1.5 (RestrictEvents)
2025-06-20 03:05:07.309084+0100 0x78       Default     0x0                  0      0    kernel: (AppleCredentialManager) ACMKernelUtils: initValueFromBootArgU32: acm_fastsim = 0xffffffff <--- not found.
2025-06-20 03:05:07.309286+0100 0x78       Default     0x0                  0      0    kernel: (AppleCredentialManager) ACMKernelUtils: initValueFromDTPropertyU32: /defaults/insecure_hpr = 0x0 <--- not found.
2025-06-20 03:05:07.309506+0100 0x78       Default     0x0                  0      0    kernel: (AppleCredentialManager) ACMKernelUtils: isFastSimTarget: isFastSim = NO.
2025-06-20 03:05:07.309628+0100 0x78       Default     0x0                  0      0    kernel: (AppleCredentialManager) ACMKernelUtils: initValueFromDTPropertyU32: /efi/platform/apple-coprocessor-version = 0x0 <--- not found.
2025-06-20 03:05:07.309888+0100 0x78       Default     0x0                  0      0    kernel: (AppleCredentialManager) ACMKernelUtils: getEOSDeviceType: eosDeviceType = 0.
2025-06-20 03:05:07.310018+0100 0x78       Default     0x0                  0      0    kernel: (AppleCredentialManager) AppleCredentialManager: init: inited KE[1] (ready=NO AVP=NO SIM=NO SIMT=NO USESEP=NO) -> true.
2025-06-20 03:05:07.310255+0100 0x78       Default     0x0                  0      0    kernel: (AppleCredentialManager) AppleCredentialManager: probe: probed KE[1] (ready=NO) -> true (score=0).
2025-06-20 03:05:07.311466+0100 0x78       Default     0x0                  0      0    kernel: AppleCyrus::probe(IOResources)
2025-06-20 03:05:07.311481+0100 0x78       Default     0x0                  0      0    kernel: AppleKeyStoreTest::probe(IOResources)
2025-06-20 03:05:07.311550+0100 0x78       Default     0x0                  0      0    3E1326CF-F9E2-3214-82A3-081100FBD733: (missing UUID) <compose failure [missing precomposed log]>
2025-06-20 03:05:07.311611+0100 0x78       Default     0x0                  0      0    3E1326CF-F9E2-3214-82A3-081100FBD733: (missing UUID) <compose failure [missing precomposed log]>
2025-06-20 03:05:07.311670+0100 0x78       Default     0x0                  0      0    3E1326CF-F9E2-3214-82A3-081100FBD733: (missing UUID) <compose failure [missing precomposed log]>
2025-06-20 03:05:07.312912+0100 0x78       Default     0x0                  0      0    kernel: (AppleCredentialManager) AppleCredentialManager: start: starting KE[1] (ready=NO) -> true.
2025-06-20 03:05:07.318524+0100 0x72       Default     0x0                  0      0    kernel: (AppleACPIPlatform) ACPI Error:
2025-06-20 03:05:07.318524+0100 0x72       Default     0x0                  0      0    kernel: (AppleACPIPlatform) ACPI Error:
2025-06-20 03:05:07.318525+0100 0x72       Default     0x0                  0      0    kernel: (AppleACPIPlatform) [\_SB_.PCI0.SBUS]
2025-06-20 03:05:07.318525+0100 0x72       Default     0x0                  0      0    kernel: (AppleACPIPlatform) [\_SB_.PCI0.SBUS]
2025-06-20 03:05:07.318526+0100 0x72       Default     0x0                  0      0    kernel: (AppleACPIPlatform)  Namespace lookup failure, AE_NOT_FOUND
2025-06-20 03:05:07.318526+0100 0x72       Default     0x0                  0      0    kernel: (AppleACPIPlatform)  Namespace lookup failure, AE_NOT_FOUND
2025-06-20 03:05:07.318527+0100 0x72       Default     0x0                  0      0    kernel: (AppleACPIPlatform)  (20160930/dswload-292)
2025-06-20 03:05:07.318527+0100 0x72       Default     0x0                  0      0    kernel: (AppleACPIPlatform)  (20160930/dswload-292)
2025-06-20 03:05:07.318528+0100 0x72       Default     0x0                  0      0    kernel: (AppleACPIPlatform) ACPI Exception: AE_NOT_FOUND,
2025-06-20 03:05:07.318529+0100 0x72       Default     0x0                  0      0    kernel: (AppleACPIPlatform) ACPI Exception: AE_NOT_FOUND,
2025-06-20 03:05:07.318529+0100 0x72       Default     0x0                  0      0    kernel: (AppleACPIPlatform) During name lookup/catalog
2025-06-20 03:05:07.318529+0100 0x72       Default     0x0                  0      0    kernel: (AppleACPIPlatform) During name lookup/catalog
2025-06-20 03:05:07.318530+0100 0x72       Default     0x0                  0      0    kernel: (AppleACPIPlatform)  (20160930/psobject-310)
2025-06-20 03:05:07.318530+0100 0x72       Default     0x0                  0      0    kernel: (AppleACPIPlatform)  (20160930/psobject-310)
2025-06-20 03:05:07.318551+0100 0x72       Default     0x0                  0      0    kernel: (AppleACPIPlatform) ACPI Exception: AE_NOT_FOUND,
2025-06-20 03:05:07.318552+0100 0x72       Default     0x0                  0      0    kernel: (AppleACPIPlatform) ACPI Exception: AE_NOT_FOUND,
2025-06-20 03:05:07.318552+0100 0x72       Default     0x0                  0      0    kernel: (AppleACPIPlatform) (SSDT:    SBUS) while loading table
2025-06-20 03:05:07.318552+0100 0x72       Default     0x0                  0      0    kernel: (AppleACPIPlatform) (SSDT:    SBUS) while loading table
2025-06-20 03:05:07.318553+0100 0x72       Default     0x0                  0      0    kernel: (AppleACPIPlatform)  (20160930/tbxfload-319)
2025-06-20 03:05:07.318553+0100 0x72       Default     0x0                  0      0    kernel: (AppleACPIPlatform)  (20160930/tbxfload-319)
2025-06-20 03:05:07.318704+0100 0x72       Default     0x0                  0      0    kernel: (AppleACPIPlatform) ACPI Error:
2025-06-20 03:05:07.318704+0100 0x72       Default     0x0                  0      0    kernel: (AppleACPIPlatform) ACPI Error:
2025-06-20 03:05:07.318705+0100 0x72       Default     0x0                  0      0    kernel: (AppleACPIPlatform) [_STA]
2025-06-20 03:05:07.318705+0100 0x72       Default     0x0                  0      0    kernel: (AppleACPIPlatform) [_STA]
2025-06-20 03:05:07.318706+0100 0x72       Default     0x0                  0      0    kernel: (AppleACPIPlatform)  Namespace lookup failure, AE_ALREADY_EXISTS
2025-06-20 03:05:07.318706+0100 0x72       Default     0x0                  0      0    kernel: (AppleACPIPlatform)  Namespace lookup failure, AE_ALREADY_EXISTS
2025-06-20 03:05:07.318707+0100 0x72       Default     0x0                  0      0    kernel: (AppleACPIPlatform)  (20160930/dswload-462)
2025-06-20 03:05:07.318707+0100 0x72       Default     0x0                  0      0    kernel: (AppleACPIPlatform)  (20160930/dswload-462)
2025-06-20 03:05:07.318708+0100 0x72       Default     0x0                  0      0    kernel: (AppleACPIPlatform) ACPI Exception: AE_ALREADY_EXISTS,
2025-06-20 03:05:07.318708+0100 0x72       Default     0x0                  0      0    kernel: (AppleACPIPlatform) ACPI Exception: AE_ALREADY_EXISTS,
2025-06-20 03:05:07.318708+0100 0x72       Default     0x0                  0      0    kernel: (AppleACPIPlatform) During name lookup/catalog
2025-06-20 03:05:07.318709+0100 0x72       Default     0x0                  0      0    kernel: (AppleACPIPlatform) During name lookup/catalog
2025-06-20 03:05:07.318709+0100 0x72       Default     0x0                  0      0    kernel: (AppleACPIPlatform)  (20160930/psobject-310)
2025-06-20 03:05:07.318709+0100 0x72       Default     0x0                  0      0    kernel: (AppleACPIPlatform)  (20160930/psobject-310)
2025-06-20 03:05:07.318730+0100 0x72       Default     0x0                  0      0    kernel: (AppleACPIPlatform) ACPI Exception: AE_ALREADY_EXISTS,
2025-06-20 03:05:07.318730+0100 0x72       Default     0x0                  0      0    kernel: (AppleACPIPlatform) ACPI Exception: AE_ALREADY_EXISTS,
2025-06-20 03:05:07.318731+0100 0x72       Default     0x0                  0      0    kernel: (AppleACPIPlatform) (SSDT:RHBReset) while loading table
2025-06-20 03:05:07.318731+0100 0x72       Default     0x0                  0      0    kernel: (AppleACPIPlatform) (SSDT:RHBReset) while loading table
2025-06-20 03:05:07.318732+0100 0x72       Default     0x0                  0      0    kernel: (AppleACPIPlatform)  (20160930/tbxfload-319)
2025-06-20 03:05:07.318732+0100 0x72       Default     0x0                  0      0    kernel: (AppleACPIPlatform)  (20160930/tbxfload-319)
2025-06-20 03:05:07.318849+0100 0x72       Default     0x0                  0      0    kernel: (AppleACPIPlatform) ACPI Error:
2025-06-20 03:05:07.318850+0100 0x72       Default     0x0                  0      0    kernel: (AppleACPIPlatform) ACPI Error:
2025-06-20 03:05:07.318850+0100 0x72       Default     0x0                  0      0    kernel: (AppleACPIPlatform) [GPRW]
2025-06-20 03:05:07.318850+0100 0x72       Default     0x0                  0      0    kernel: (AppleACPIPlatform) [GPRW]
2025-06-20 03:05:07.318851+0100 0x72       Default     0x0                  0      0    kernel: (AppleACPIPlatform)  Namespace lookup failure, AE_ALREADY_EXISTS
2025-06-20 03:05:07.318851+0100 0x72       Default     0x0                  0      0    kernel: (AppleACPIPlatform)  Namespace lookup failure, AE_ALREADY_EXISTS
2025-06-20 03:05:07.318852+0100 0x72       Default     0x0                  0      0    kernel: (AppleACPIPlatform)  (20160930/dswload-462)
2025-06-20 03:05:07.318852+0100 0x72       Default     0x0                  0      0    kernel: (AppleACPIPlatform)  (20160930/dswload-462)
2025-06-20 03:05:07.318852+0100 0x72       Default     0x0                  0      0    kernel: (AppleACPIPlatform) ACPI Exception: AE_ALREADY_EXISTS,
2025-06-20 03:05:07.318853+0100 0x72       Default     0x0                  0      0    kernel: (AppleACPIPlatform) ACPI Exception: AE_ALREADY_EXISTS,
2025-06-20 03:05:07.318853+0100 0x72       Default     0x0                  0      0    kernel: (AppleACPIPlatform) During name lookup/catalog
2025-06-20 03:05:07.318853+0100 0x72       Default     0x0                  0      0    kernel: (AppleACPIPlatform) During name lookup/catalog
2025-06-20 03:05:07.318854+0100 0x72       Default     0x0                  0      0    kernel: (AppleACPIPlatform)  (20160930/psobject-310)
2025-06-20 03:05:07.318854+0100 0x72       Default     0x0                  0      0    kernel: (AppleACPIPlatform)  (20160930/psobject-310)
2025-06-20 03:05:07.318874+0100 0x72       Default     0x0                  0      0    kernel: (AppleACPIPlatform) ACPI Exception: AE_ALREADY_EXISTS,
2025-06-20 03:05:07.318874+0100 0x72       Default     0x0                  0      0    kernel: (AppleACPIPlatform) ACPI Exception: AE_ALREADY_EXISTS,
2025-06-20 03:05:07.318875+0100 0x72       Default     0x0                  0      0    kernel: (AppleACPIPlatform) (SSDT:    _PRW) while loading table
2025-06-20 03:05:07.318875+0100 0x72       Default     0x0                  0      0    kernel: (AppleACPIPlatform) (SSDT:    _PRW) while loading table
2025-06-20 03:05:07.318876+0100 0x72       Default     0x0                  0      0    kernel: (AppleACPIPlatform)  (20160930/tbxfload-319)
2025-06-20 03:05:07.318876+0100 0x72       Default     0x0                  0      0    kernel: (AppleACPIPlatform)  (20160930/tbxfload-319)
2025-06-20 03:05:07.318935+0100 0x72       Default     0x0                  0      0    kernel: (AppleACPIPlatform) ACPI Error:
2025-06-20 03:05:07.318935+0100 0x72       Default     0x0                  0      0    kernel: (AppleACPIPlatform) ACPI Error:
2025-06-20 03:05:07.318936+0100 0x72       Default     0x0                  0      0    kernel: (AppleACPIPlatform) 3 table load failures, 25 successful
2025-06-20 03:05:07.318936+0100 0x72       Default     0x0                  0      0    kernel: (AppleACPIPlatform) 3 table load failures, 25 successful
2025-06-20 03:05:07.318937+0100 0x72       Default     0x0                  0      0    kernel: (AppleACPIPlatform)  (20160930/tbxfload-342)
2025-06-20 03:05:07.318937+0100 0x72       Default     0x0                  0      0    kernel: (AppleACPIPlatform)  (20160930/tbxfload-342)
2025-06-20 03:05:07.319030+0100 0x72       Default     0x0                  0      0    kernel: (IOPCIFamily) pci (build 15:02:58 Nov 15 2024), flags 0xc1080
2025-06-20 03:05:07.319032+0100 0x72       Default     0x0                  0      0    kernel: (IOPCIFamily) pci (build 15:02:58 Nov 15 2024), flags 0xc1080
2025-06-20 03:05:07.319321+0100 0x79       Default     0x0                  0      0    kernel: PMRD: power event 7 args 0x54c47e92e5da75a1 0x0
2025-06-20 03:05:07.319324+0100 0x79       Default     0x0                  0      0    kernel: PMRD: PowerChangeOverride (ON_STATE->ON_STATE, f, 0x302) tag 0x50064
2025-06-20 03:05:07.319327+0100 0x79       Default     0x0                  0      0    kernel: PMRD: PowerChangeDone: ON_STATE->ON_STATE
2025-06-20 03:05:07.319491+0100 0x7f       Default     0x0                  0      0    3E1326CF-F9E2-3214-82A3-081100FBD733: (missing UUID) <compose failure [missing precomposed log]>
2025-06-20 03:05:07.319492+0100 0x7f       Default     0x0                  0      0    3E1326CF-F9E2-3214-82A3-081100FBD733: (missing UUID) <compose failure [missing precomposed log]>
2025-06-20 03:05:07.319493+0100 0x7f       Default     0x0                  0      0    3E1326CF-F9E2-3214-82A3-081100FBD733: (missing UUID) <compose failure [missing precomposed log]>
2025-06-20 03:05:07.319631+0100 0x7f       Default     0x0                  0      0    3E1326CF-F9E2-3214-82A3-081100FBD733: (missing UUID) <compose failure [missing precomposed log]>
2025-06-20 03:05:07.319675+0100 0x7f       Default     0x0                  0      0    3E1326CF-F9E2-3214-82A3-081100FBD733: (missing UUID) <compose failure [missing precomposed log]>
2025-06-20 03:05:07.319719+0100 0x7f       Default     0x0                  0      0    3E1326CF-F9E2-3214-82A3-081100FBD733: (missing UUID) <compose failure [missing precomposed log]>
2025-06-20 03:05:07.319762+0100 0x7f       Default     0x0                  0      0    3E1326CF-F9E2-3214-82A3-081100FBD733: (missing UUID) <compose failure [missing precomposed log]>
2025-06-20 03:05:07.319806+0100 0x7f       Default     0x0                  0      0    3E1326CF-F9E2-3214-82A3-081100FBD733: (missing UUID) <compose failure [missing precomposed log]>
2025-06-20 03:05:07.319849+0100 0x7f       Default     0x0                  0      0    3E1326CF-F9E2-3214-82A3-081100FBD733: (missing UUID) <compose failure [missing precomposed log]>
2025-06-20 03:05:07.319893+0100 0x7f       Default     0x0                  0      0    3E1326CF-F9E2-3214-82A3-081100FBD733: (missing UUID) <compose failure [missing precomposed log]>
2025-06-20 03:05:07.319936+0100 0x7f       Default     0x0                  0      0    3E1326CF-F9E2-3214-82A3-081100FBD733: (missing UUID) <compose failure [missing precomposed log]>
2025-06-20 03:05:07.319980+0100 0x7f       Default     0x0                  0      0    3E1326CF-F9E2-3214-82A3-081100FBD733: (missing UUID) <compose failure [missing precomposed log]>
2025-06-20 03:05:07.320016+0100 0x7f       Default     0x0                  0      0    kernel: (AppleACPIPlatform) AppleACPICPU: ProcessorId=0 LocalApicId=0 Enabled
2025-06-20 03:05:07.320019+0100 0x7f       Default     0x0                  0      0    kernel: (AppleACPIPlatform) AppleACPICPU: ProcessorId=2 LocalApicId=2 Enabled
2025-06-20 03:05:07.320068+0100 0x7f       Default     0x0                  0      0    kernel: cpu_data_alloc(1) <private> desc_table: <private> ldt: <private> int_stack: 0x<private>-0x<private>
2025-06-20 03:05:07.320071+0100 0x7f       Default     0x0                  0      0    kernel: (AppleACPIPlatform) AppleACPICPU: ProcessorId=4 LocalApicId=4 Enabled
2025-06-20 03:05:07.320074+0100 0x7f       Default     0x0                  0      0    kernel: cpu_data_alloc(2) <private> desc_table: <private> ldt: <private> int_stack: 0x<private>-0x<private>
2025-06-20 03:05:07.320075+0100 0x7f       Default     0x0                  0      0    kernel: (AppleACPIPlatform) AppleACPICPU: ProcessorId=6 LocalApicId=6 Enabled
2025-06-20 03:05:07.320078+0100 0x7f       Default     0x0                  0      0    kernel: cpu_data_alloc(3) <private> desc_table: <private> ldt: <private> int_stack: 0x<private>-0x<private>
2025-06-20 03:05:07.320079+0100 0x7f       Default     0x0                  0      0    kernel: (AppleACPIPlatform) AppleACPICPU: ProcessorId=8 LocalApicId=8 Enabled
2025-06-20 03:05:07.320081+0100 0x7f       Default     0x0                  0      0    kernel: cpu_data_alloc(4) <private> desc_table: <private> ldt: <private> int_stack: 0x<private>-0x<private>
2025-06-20 03:05:07.320083+0100 0x7f       Default     0x0                  0      0    kernel: (AppleACPIPlatform) AppleACPICPU: ProcessorId=10 LocalApicId=10 Enabled
2025-06-20 03:05:07.320085+0100 0x7f       Default     0x0                  0      0    kernel: cpu_data_alloc(5) <private> desc_table: <private> ldt: <private> int_stack: 0x<private>-0x<private>
2025-06-20 03:05:07.320086+0100 0x7f       Default     0x0                  0      0    kernel: (AppleACPIPlatform) AppleACPICPU: ProcessorId=12 LocalApicId=16 Enabled
2025-06-20 03:05:07.320089+0100 0x7f       Default     0x0                  0      0    kernel: cpu_data_alloc(6) <private> desc_table: <private> ldt: <private> int_stack: 0x<private>-0x<private>
2025-06-20 03:05:07.320090+0100 0x7f       Default     0x0                  0      0    kernel: (AppleACPIPlatform) AppleACPICPU: ProcessorId=14 LocalApicId=18 Enabled
2025-06-20 03:05:07.320093+0100 0x7f       Default     0x0                  0      0    kernel: cpu_data_alloc(7) <private> desc_table: <private> ldt: <private> int_stack: 0x<private>-0x<private>
2025-06-20 03:05:07.320094+0100 0x7f       Default     0x0                  0      0    kernel: (AppleACPIPlatform) AppleACPICPU: ProcessorId=16 LocalApicId=20 Enabled
2025-06-20 03:05:07.320097+0100 0x7f       Default     0x0                  0      0    kernel: cpu_data_alloc(8) <private> desc_table: <private> ldt: <private> int_stack: 0x<private>-0x<private>
2025-06-20 03:05:07.320099+0100 0x7f       Default     0x0                  0      0    kernel: (AppleACPIPlatform) AppleACPICPU: ProcessorId=18 LocalApicId=22 Enabled
2025-06-20 03:05:07.320101+0100 0x7f       Default     0x0                  0      0    kernel: cpu_data_alloc(9) <private> desc_table: <private> ldt: <private> int_stack: 0x<private>-0x<private>
2025-06-20 03:05:07.320102+0100 0x7f       Default     0x0                  0      0    kernel: (AppleACPIPlatform) AppleACPICPU: ProcessorId=20 LocalApicId=24 Enabled
2025-06-20 03:05:07.320104+0100 0x7f       Default     0x0                  0      0    kernel: cpu_data_alloc(10) <private> desc_table: <private> ldt: <private> int_stack: 0x<private>-0x<private>
2025-06-20 03:05:07.320105+0100 0x7f       Default     0x0                  0      0    kernel: (AppleACPIPlatform) AppleACPICPU: ProcessorId=22 LocalApicId=26 Enabled
2025-06-20 03:05:07.320108+0100 0x7f       Default     0x0                  0      0    kernel: cpu_data_alloc(11) <private> desc_table: <private> ldt: <private> int_stack: 0x<private>-0x<private>
2025-06-20 03:05:07.320109+0100 0x7f       Default     0x0                  0      0    kernel: (AppleACPIPlatform) AppleACPICPU: ProcessorId=1 LocalApicId=1 Enabled
2025-06-20 03:05:07.320111+0100 0x7f       Default     0x0                  0      0    kernel: cpu_data_alloc(12) <private> desc_table: <private> ldt: <private> int_stack: 0x<private>-0x<private>
2025-06-20 03:05:07.320113+0100 0x7f       Default     0x0                  0      0    kernel: (AppleACPIPlatform) AppleACPICPU: ProcessorId=3 LocalApicId=3 Enabled
2025-06-20 03:05:07.320116+0100 0x7f       Default     0x0                  0      0    kernel: cpu_data_alloc(13) <private> desc_table: <private> ldt: <private> int_stack: 0x<private>-0x<private>
2025-06-20 03:05:07.320117+0100 0x7f       Default     0x0                  0      0    kernel: (AppleACPIPlatform) AppleACPICPU: ProcessorId=5 LocalApicId=5 Enabled
2025-06-20 03:05:07.320119+0100 0x7f       Default     0x0                  0      0    kernel: cpu_data_alloc(14) <private> desc_table: <private> ldt: <private> int_stack: 0x<private>-0x<private>
2025-06-20 03:05:07.320120+0100 0x7f       Default     0x0                  0      0    kernel: (AppleACPIPlatform) AppleACPICPU: ProcessorId=7 LocalApicId=7 Enabled
2025-06-20 03:05:07.320123+0100 0x7f       Default     0x0                  0      0    kernel: cpu_data_alloc(15) <private> desc_table: <private> ldt: <private> int_stack: 0x<private>-0x<private>
2025-06-20 03:05:07.320124+0100 0x7f       Default     0x0                  0      0    kernel: (AppleACPIPlatform) AppleACPICPU: ProcessorId=9 LocalApicId=9 Enabled
2025-06-20 03:05:07.320127+0100 0x7f       Default     0x0                  0      0    kernel: cpu_data_alloc(16) <private> desc_table: <private> ldt: <private> int_stack: 0x<private>-0x<private>
2025-06-20 03:05:07.320128+0100 0x7f       Default     0x0                  0      0    kernel: (AppleACPIPlatform) AppleACPICPU: ProcessorId=11 LocalApicId=11 Enabled
2025-06-20 03:05:07.320131+0100 0x7f       Default     0x0                  0      0    kernel: cpu_data_alloc(17) <private> desc_table: <private> ldt: <private> int_stack: 0x<private>-0x<private>
2025-06-20 03:05:07.320132+0100 0x7f       Default     0x0                  0      0    kernel: (AppleACPIPlatform) AppleACPICPU: ProcessorId=13 LocalApicId=17 Enabled
2025-06-20 03:05:07.320134+0100 0x7f       Default     0x0                  0      0    kernel: cpu_data_alloc(18) <private> desc_table: <private> ldt: <private> int_stack: 0x<private>-0x<private>
2025-06-20 03:05:07.320135+0100 0x7f       Default     0x0                  0      0    kernel: (AppleACPIPlatform) AppleACPICPU: ProcessorId=15 LocalApicId=19 Enabled
2025-06-20 03:05:07.320138+0100 0x7f       Default     0x0                  0      0    kernel: cpu_data_alloc(19) <private> desc_table: <private> ldt: <private> int_stack: 0x<private>-0x<private>
2025-06-20 03:05:07.320139+0100 0x7f       Default     0x0                  0      0    kernel: (AppleACPIPlatform) AppleACPICPU: ProcessorId=17 LocalApicId=21 Enabled
2025-06-20 03:05:07.320142+0100 0x7f       Default     0x0                  0      0    kernel: cpu_data_alloc(20) <private> desc_table: <private> ldt: <private> int_stack: 0x<private>-0x<private>
2025-06-20 03:05:07.320143+0100 0x7f       Default     0x0                  0      0    kernel: (AppleACPIPlatform) AppleACPICPU: ProcessorId=19 LocalApicId=23 Enabled
2025-06-20 03:05:07.320146+0100 0x7f       Default     0x0                  0      0    kernel: cpu_data_alloc(21) <private> desc_table: <private> ldt: <private> int_stack: 0x<private>-0x<private>
2025-06-20 03:05:07.320147+0100 0x7f       Default     0x0                  0      0    kernel: (AppleACPIPlatform) AppleACPICPU: ProcessorId=21 LocalApicId=25 Enabled
2025-06-20 03:05:07.320150+0100 0x7f       Default     0x0                  0      0    kernel: cpu_data_alloc(22) <private> desc_table: <private> ldt: <private> int_stack: 0x<private>-0x<private>
2025-06-20 03:05:07.320150+0100 0x7f       Default     0x0                  0      0    kernel: (AppleACPIPlatform) AppleACPICPU: ProcessorId=23 LocalApicId=27 Enabled
2025-06-20 03:05:07.320153+0100 0x7f       Default     0x0                  0      0    kernel: cpu_data_alloc(23) <private> desc_table: <private> ldt: <private> int_stack: 0x<private>-0x<private>
2025-06-20 03:05:07.320154+0100 0x7f       Default     0x0                  0      0    kernel: (AppleACPIPlatform) AppleACPICPU: ProcessorId=24 LocalApicId=0 Disabled
2025-06-20 03:05:07.320155+0100 0x7f       Default     0x0                  0      0    kernel: (AppleACPIPlatform) AppleACPICPU: ProcessorId=25 LocalApicId=0 Disabled
2025-06-20 03:05:07.320156+0100 0x7f       Default     0x0                  0      0    kernel: (AppleACPIPlatform) AppleACPICPU: ProcessorId=26 LocalApicId=0 Disabled
2025-06-20 03:05:07.320156+0100 0x7f       Default     0x0                  0      0    kernel: (AppleACPIPlatform) AppleACPICPU: ProcessorId=27 LocalApicId=0 Disabled
2025-06-20 03:05:07.320157+0100 0x7f       Default     0x0                  0      0    kernel: (AppleACPIPlatform) AppleACPICPU: ProcessorId=28 LocalApicId=0 Disabled
2025-06-20 03:05:07.320157+0100 0x7f       Default     0x0                  0      0    kernel: (AppleACPIPlatform) AppleACPICPU: ProcessorId=29 LocalApicId=0 Disabled
2025-06-20 03:05:07.320158+0100 0x7f       Default     0x0                  0      0    kernel: (AppleACPIPlatform) AppleACPICPU: ProcessorId=30 LocalApicId=0 Disabled
2025-06-20 03:05:07.320159+0100 0x7f       Default     0x0                  0      0    kernel: (AppleACPIPlatform) AppleACPICPU: ProcessorId=31 LocalApicId=0 Disabled
2025-06-20 03:05:07.320326+0100 0x65       Default     0x0                  0      0    kernel: (ALF) [com.apple.alfkext:alf] com_apple_sockwall_start() called
2025-06-20 03:05:07.320462+0100 0x65       Default     0x0                  0      0    kernel: (AppleSystemPolicy) ASP: initializing bastion sandbox callback
2025-06-20 03:05:07.320496+0100 0x65       Default     0x0                  0      0    kernel: no external trust caches found (segment length is zero)
2025-06-20 03:05:07.342799+0100 0x80       Default     0x0                  0      0    kernel: Started cpu 1 (lapic id 00000001)
2025-06-20 03:05:07.343152+0100 0x81       Default     0x0                  0      0    kernel: Started cpu 2 (lapic id 00000002)
2025-06-20 03:05:07.343402+0100 0x82       Default     0x0                  0      0    kernel: Started cpu 3 (lapic id 00000003)
2025-06-20 03:05:07.343681+0100 0x83       Default     0x0                  0      0    kernel: Started cpu 4 (lapic id 00000004)
2025-06-20 03:05:07.343933+0100 0x84       Default     0x0                  0      0    kernel: Started cpu 5 (lapic id 00000005)
2025-06-20 03:05:07.344175+0100 0x85       Default     0x0                  0      0    kernel: Started cpu 6 (lapic id 00000006)
2025-06-20 03:05:07.344421+0100 0x86       Default     0x0                  0      0    kernel: Started cpu 7 (lapic id 00000007)
2025-06-20 03:05:07.344751+0100 0x409      Default     0x0                  0      0    kernel: Started cpu 8 (lapic id 00000008)
2025-06-20 03:05:07.345001+0100 0x3e2      Default     0x0                  0      0    kernel: Started cpu 9 (lapic id 00000009)
2025-06-20 03:05:07.345243+0100 0x409      Default     0x0                  0      0    kernel: Started cpu 10 (lapic id 0000000a)
2025-06-20 03:05:07.345482+0100 0x3e2      Default     0x0                  0      0    kernel: Started cpu 11 (lapic id 0000000b)
2025-06-20 03:05:07.345717+0100 0x409      Default     0x0                  0      0    kernel: Started cpu 12 (lapic id 00000010)
2025-06-20 03:05:07.345972+0100 0x3fc      Default     0x0                  0      0    kernel: Started cpu 13 (lapic id 00000011)
2025-06-20 03:05:07.346236+0100 0x3be      Default     0x0                  0      0    kernel: Started cpu 14 (lapic id 00000012)
2025-06-20 03:05:07.346498+0100 0x3fc      Default     0x0                  0      0    kernel: Started cpu 15 (lapic id 00000013)
2025-06-20 03:05:07.346741+0100 0x3fc      Default     0x0                  0      0    kernel: Started cpu 16 (lapic id 00000014)
2025-06-20 03:05:07.346986+0100 0x3be      Default     0x0                  0      0    kernel: Started cpu 17 (lapic id 00000015)
2025-06-20 03:05:07.347270+0100 0x3ec      Default     0x0                  0      0    kernel: Started cpu 18 (lapic id 00000016)
2025-06-20 03:05:07.347537+0100 0x3fc      Default     0x0                  0      0    kernel: Started cpu 19 (lapic id 00000017)
2025-06-20 03:05:07.347780+0100 0x3e2      Default     0x0                  0      0    kernel: Started cpu 20 (lapic id 00000018)
2025-06-20 03:05:07.348018+0100 0x409      Default     0x0                  0      0    kernel: Started cpu 21 (lapic id 00000019)
2025-06-20 03:05:07.348259+0100 0x3fc      Default     0x0                  0      0    kernel: Started cpu 22 (lapic id 0000001a)
2025-06-20 03:05:07.348503+0100 0x464      Default     0x0                  0      0    kernel: Started cpu 23 (lapic id 0000001b)
2025-06-20 03:05:07.349011+0100 0x3f2      Default     0x0                  0      0    kernel: (AppleAPIC) IOAPIC: Version 0x21 Vectors 88:111
2025-06-20 03:05:07.349068+0100 0x3ec      Default     0x0                  0      0    kernel: (AppleAPIC) IOAPIC: Version 0x21 Vectors 64:87
2025-06-20 03:05:07.349149+0100 0x3fc      Default     0x0                  0      0    kernel: (AppleACPIPlatform) ACPI Warning: \_GPE:
2025-06-20 03:05:07.349151+0100 0x3fc      Default     0x0                  0      0    kernel: (AppleACPIPlatform) ACPI Warning: \_GPE:
2025-06-20 03:05:07.349152+0100 0x3fc      Default     0x0                  0      0    kernel: (AppleACPIPlatform) Missing expected return value
2025-06-20 03:05:07.349152+0100 0x3fc      Default     0x0                  0      0    kernel: (AppleACPIPlatform) Missing expected return value
2025-06-20 03:05:07.349153+0100 0x3fc      Default     0x0                  0      0    kernel: (AppleACPIPlatform)  (20160930/nsrepair-311)
2025-06-20 03:05:07.349153+0100 0x3fc      Default     0x0                  0      0    kernel: (AppleACPIPlatform)  (20160930/nsrepair-311)
2025-06-20 03:05:07.349154+0100 0x3fc      Default     0x0                  0      0    kernel: (AppleACPIPlatform) ACPI Warning: \_GPE:
2025-06-20 03:05:07.349155+0100 0x3fc      Default     0x0                  0      0    kernel: (AppleACPIPlatform) ACPI Warning: \_GPE:
2025-06-20 03:05:07.349155+0100 0x3fc      Default     0x0                  0      0    kernel: (AppleACPIPlatform) Expected return object of type Integer
2025-06-20 03:05:07.349156+0100 0x3fc      Default     0x0                  0      0    kernel: (AppleACPIPlatform) Expected return object of type Integer
2025-06-20 03:05:07.349156+0100 0x3fc      Default     0x0                  0      0    kernel: (AppleACPIPlatform)  (20160930/nspredef-381)
2025-06-20 03:05:07.349157+0100 0x3fc      Default     0x0                  0      0    kernel: (AppleACPIPlatform)  (20160930/nspredef-381)
2025-06-20 03:05:07.349265+0100 0x3fc      Default     0x0                  0      0    kernel: (AppleACPIPlatform) ACPI:
2025-06-20 03:05:07.349265+0100 0x3fc      Default     0x0                  0      0    kernel: (AppleACPIPlatform) ACPI:
2025-06-20 03:05:07.349265+0100 0x3fc      Default     0x0                  0      0    kernel: (AppleACPIPlatform) Executed 25 blocks of module-level executable AML code
2025-06-20 03:05:07.349266+0100 0x3fc      Default     0x0                  0      0    kernel: (AppleACPIPlatform) Executed 25 blocks of module-level executable AML code
2025-06-20 03:05:07.349266+0100 0x3fc      Default     0x0                  0      0    kernel: (AppleACPIPlatform) 
2025-06-20 03:05:07.349267+0100 0x3fc      Default     0x0                  0      0    kernel: (AppleACPIPlatform) 
2025-06-20 03:05:07.377141+0100 0x3fc      Default     0x0                  0      0    kernel: (AppleACPIPlatform) ACPI Error:
2025-06-20 03:05:07.377142+0100 0x3fc      Default     0x0                  0      0    kernel: (AppleACPIPlatform) ACPI Error:
2025-06-20 03:05:07.377143+0100 0x3fc      Default     0x0                  0      0    kernel: (AppleACPIPlatform) [\XOSI]
2025-06-20 03:05:07.377143+0100 0x3fc      Default     0x0                  0      0    kernel: (AppleACPIPlatform) [\XOSI]
2025-06-20 03:05:07.377143+0100 0x3fc      Default     0x0                  0      0    kernel: (AppleACPIPlatform)  Namespace lookup failure, AE_NOT_FOUND
2025-06-20 03:05:07.377144+0100 0x79       Default     0x0                  0      0    kernel: (AppleACPIPlatform)  Namespace lookup failure, AE_NOT_FOUND
2025-06-20 03:05:07.377144+0100 0x79       Default     0x0                  0      0    kernel: (AppleACPIPlatform)  (20160930/psargs-463)
2025-06-20 03:05:07.377144+0100 0x79       Default     0x0                  0      0    kernel: (AppleACPIPlatform)  (20160930/psargs-463)
2025-06-20 03:05:07.377146+0100 0x79       Default     0x0                  0      0    kernel: (AppleACPIPlatform) [_STA] @00003 #002D:
2025-06-20 03:05:07.377146+0100 0x79       Default     0x0                  0      0    kernel: (AppleACPIPlatform) [_STA] @00003 #002D:
2025-06-20 03:05:07.377147+0100 0x79       Default     0x0                  0      0    kernel: (AppleACPIPlatform) 
2025-06-20 03:05:07.377148+0100 0x79       Default     0x0                  0      0    kernel: (AppleACPIPlatform) 
2025-06-20 03:05:07.377148+0100 0x79       Default     0x0                  0      0    kernel: (AppleACPIPlatform) No Local Variables are initialized for method [_STA]
2025-06-20 03:05:07.377149+0100 0x79       Default     0x0                  0      0    kernel: (AppleACPIPlatform) No Local Variables are initialized for method [_STA]
2025-06-20 03:05:07.377149+0100 0x79       Default     0x0                  0      0    kernel: (AppleACPIPlatform) 
2025-06-20 03:05:07.377150+0100 0x79       Default     0x0                  0      0    kernel: (AppleACPIPlatform) 
2025-06-20 03:05:07.377150+0100 0x79       Default     0x0                  0      0    kernel: (AppleACPIPlatform) No Arguments are initialized for method [_STA]
2025-06-20 03:05:07.377150+0100 0x79       Default     0x0                  0      0    kernel: (AppleACPIPlatform) No Arguments are initialized for method [_STA]
2025-06-20 03:05:07.377151+0100 0x79       Default     0x0                  0      0    kernel: (AppleACPIPlatform) 
2025-06-20 03:05:07.377151+0100 0x79       Default     0x0                  0      0    kernel: (AppleACPIPlatform) 
2025-06-20 03:05:07.377152+0100 0x79       Default     0x0                  0      0    kernel: (AppleACPIPlatform) ACPI Error:
2025-06-20 03:05:07.377153+0100 0x79       Default     0x0                  0      0    kernel: (AppleACPIPlatform) ACPI Error:
2025-06-20 03:05:07.377153+0100 0x79       Default     0x0                  0      0    kernel: (AppleACPIPlatform) Method parse/execution failed
2025-06-20 03:05:07.377154+0100 0x79       Default     0x0                  0      0    kernel: (AppleACPIPlatform) Method parse/execution failed
2025-06-20 03:05:07.377154+0100 0x79       Default     0x0                  0      0    kernel: (AppleACPIPlatform) [\_SB.APAD._STA] (Node ffffffadd5681ee0)
2025-06-20 03:05:07.377155+0100 0x79       Default     0x0                  0      0    kernel: (AppleACPIPlatform) [\_SB.APAD._STA] (Node ffffffadd5681ee0)
2025-06-20 03:05:07.377155+0100 0x79       Default     0x0                  0      0    kernel: (AppleACPIPlatform) , AE_NOT_FOUND
2025-06-20 03:05:07.377156+0100 0x79       Default     0x0                  0      0    kernel: (AppleACPIPlatform) , AE_NOT_FOUND
2025-06-20 03:05:07.377156+0100 0x79       Default     0x0                  0      0    kernel: (AppleACPIPlatform)  (20160930/psparse-632)
2025-06-20 03:05:07.377157+0100 0x79       Default     0x0                  0      0    kernel: (AppleACPIPlatform)  (20160930/psparse-632)
2025-06-20 03:05:07.381178+0100 0x79       Default     0x0                  0      0    kernel: (AppleACPIPlatform) ACPI: sleep states S3 S4 S5
2025-06-20 03:05:07.381181+0100 0x79       Default     0x0                  0      0    kernel: PMRD: setSleepSupported(1)
2025-06-20 03:05:07.381201+0100 0x409      Default     0x0                  0      0    kernel: PMRD: power event 7 args 0x54c47e92e5da6f61 0x0
2025-06-20 03:05:07.381211+0100 0x409      Default     0x0                  0      0    kernel: PMRD: PowerChangeOverride (ON_STATE->ON_STATE, f, 0x302) tag 0x60064
2025-06-20 03:05:07.381220+0100 0x409      Default     0x0                  0      0    kernel: PMRD: PowerChangeDone: ON_STATE->ON_STATE
2025-06-20 03:05:07.382586+0100 0x79       Default     0x0                  0      0    kernel: (AppleACPIPlatform) ACPI: cannot translate ACPI object 14
2025-06-20 03:05:07.382590+0100 0x79       Default     0x0                  0      0    kernel: (AppleACPIPlatform) ACPI: cannot translate ACPI object 14
2025-06-20 03:05:07.382778+0100 0x79       Default     0x0                  0      0    kernel: (AppleACPIPlatform) ACPI: cannot translate ACPI object 14
2025-06-20 03:05:07.382782+0100 0x79       Default     0x0                  0      0    kernel: (AppleACPIPlatform) ACPI: cannot translate ACPI object 14
2025-06-20 03:05:07.383567+0100 0x79       Default     0x0                  0      0    kernel: (AppleACPIPlatform) ACPI: cannot translate ACPI object 14
2025-06-20 03:05:07.383571+0100 0x79       Default     0x0                  0      0    kernel: (AppleACPIPlatform) ACPI: cannot translate ACPI object 14
2025-06-20 03:05:07.383889+0100 0x79       Default     0x0                  0      0    kernel: (AppleACPIPlatform) ACPI: cannot translate ACPI object 14
2025-06-20 03:05:07.383892+0100 0x79       Default     0x0                  0      0    kernel: (AppleACPIPlatform) ACPI: cannot translate ACPI object 14
2025-06-20 03:05:07.383895+0100 0x79       Default     0x0                  0      0    kernel: (AppleACPIPlatform) ACPI: cannot translate ACPI object 14
2025-06-20 03:05:07.384002+0100 0x79       Default     0x0                  0      0    kernel: (AppleACPIPlatform) ACPI: cannot translate ACPI object 14
2025-06-20 03:05:07.384006+0100 0x79       Default     0x0                  0      0    kernel: (AppleACPIPlatform) ACPI: cannot translate ACPI object 14
2025-06-20 03:05:07.384161+0100 0x79       Default     0x0                  0      0    kernel: (AppleACPIPlatform) ACPI: cannot translate ACPI object 14
2025-06-20 03:05:07.384165+0100 0x79       Default     0x0                  0      0    kernel: (AppleACPIPlatform) ACPI: cannot translate ACPI object 14
2025-06-20 03:05:07.384822+0100 0x79       Default     0x0                  0      0    kernel: (AppleACPIPlatform) ACPI: cannot translate ACPI object 14
2025-06-20 03:05:07.384826+0100 0x79       Default     0x0                  0      0    kernel: (AppleACPIPlatform) ACPI: cannot translate ACPI object 14
2025-06-20 03:05:07.384970+0100 0x79       Default     0x0                  0      0    kernel: (AppleACPIPlatform) ACPI: cannot translate ACPI object 14
2025-06-20 03:05:07.384974+0100 0x79       Default     0x0                  0      0    kernel: (AppleACPIPlatform) ACPI: cannot translate ACPI object 14
2025-06-20 03:05:07.385504+0100 0x79       Default     0x0                  0      0    kernel: (AppleACPIPlatform) ACPI: cannot translate ACPI object 14
2025-06-20 03:05:07.385508+0100 0x79       Default     0x0                  0      0    kernel: (AppleACPIPlatform) ACPI: cannot translate ACPI object 14
2025-06-20 03:05:07.385652+0100 0x79       Default     0x0                  0      0    kernel: (AppleACPIPlatform) ACPI: cannot translate ACPI object 14
2025-06-20 03:05:07.385656+0100 0x79       Default     0x0                  0      0    kernel: (AppleACPIPlatform) ACPI: cannot translate ACPI object 14
2025-06-20 03:05:07.385800+0100 0x79       Default     0x0                  0      0    kernel: (AppleACPIPlatform) ACPI: cannot translate ACPI object 14
2025-06-20 03:05:07.385803+0100 0x79       Default     0x0                  0      0    kernel: (AppleACPIPlatform) ACPI: cannot translate ACPI object 14
2025-06-20 03:05:07.385948+0100 0x79       Default     0x0                  0      0    kernel: (AppleACPIPlatform) ACPI: cannot translate ACPI object 14
2025-06-20 03:05:07.385951+0100 0x79       Default     0x0                  0      0    kernel: (AppleACPIPlatform) ACPI: cannot translate ACPI object 14
2025-06-20 03:05:07.386352+0100 0x79       Default     0x0                  0      0    kernel: (AppleACPIPlatform) ACPI: cannot translate ACPI object 14
2025-06-20 03:05:07.386356+0100 0x79       Default     0x0                  0      0    kernel: (AppleACPIPlatform) ACPI: cannot translate ACPI object 14
2025-06-20 03:05:07.386500+0100 0x79       Default     0x0                  0      0    kernel: (AppleACPIPlatform) ACPI: cannot translate ACPI object 14
2025-06-20 03:05:07.386503+0100 0x79       Default     0x0                  0      0    kernel: (AppleACPIPlatform) ACPI: cannot translate ACPI object 14
2025-06-20 03:05:07.386651+0100 0x79       Default     0x0                  0      0    kernel: (AppleACPIPlatform) ACPI: cannot translate ACPI object 14
2025-06-20 03:05:07.386655+0100 0x79       Default     0x0                  0      0    kernel: (AppleACPIPlatform) ACPI: cannot translate ACPI object 14
2025-06-20 03:05:07.386800+0100 0x79       Default     0x0                  0      0    kernel: (AppleACPIPlatform) ACPI: cannot translate ACPI object 14
2025-06-20 03:05:07.386804+0100 0x79       Default     0x0                  0      0    kernel: (AppleACPIPlatform) ACPI: cannot translate ACPI object 14
2025-06-20 03:05:07.386984+0100 0x79       Default     0x0                  0      0    kernel: (AppleACPIPlatform) ACPI: cannot translate ACPI object 14
2025-06-20 03:05:07.386988+0100 0x79       Default     0x0                  0      0    kernel: (AppleACPIPlatform) ACPI: cannot translate ACPI object 14
2025-06-20 03:05:07.387323+0100 0x79       Default     0x0                  0      0    kernel: (AppleACPIPlatform) ACPI: cannot translate ACPI object 14
2025-06-20 03:05:07.387327+0100 0x79       Default     0x0                  0      0    kernel: (AppleACPIPlatform) ACPI: cannot translate ACPI object 14
2025-06-20 03:05:07.387468+0100 0x79       Default     0x0                  0      0    kernel: (AppleACPIPlatform) ACPI: cannot translate ACPI object 14
2025-06-20 03:05:07.387473+0100 0x79       Default     0x0                  0      0    kernel: (AppleACPIPlatform) ACPI: cannot translate ACPI object 14
2025-06-20 03:05:07.387802+0100 0x79       Default     0x0                  0      0    kernel: (AppleACPIPlatform) ACPI: cannot translate ACPI object 14
2025-06-20 03:05:07.387806+0100 0x79       Default     0x0                  0      0    kernel: (AppleACPIPlatform) ACPI: cannot translate ACPI object 14
2025-06-20 03:05:07.387949+0100 0x79       Default     0x0                  0      0    kernel: (AppleACPIPlatform) ACPI: cannot translate ACPI object 14
2025-06-20 03:05:07.387953+0100 0x79       Default     0x0                  0      0    kernel: (AppleACPIPlatform) ACPI: cannot translate ACPI object 14
2025-06-20 03:05:07.388096+0100 0x79       Default     0x0                  0      0    kernel: (AppleACPIPlatform) ACPI: cannot translate ACPI object 14
2025-06-20 03:05:07.388099+0100 0x79       Default     0x0                  0      0    kernel: (AppleACPIPlatform) ACPI: cannot translate ACPI object 14
2025-06-20 03:05:07.388313+0100 0x79       Default     0x0                  0      0    kernel: (AppleACPIPlatform) ACPI: cannot translate ACPI object 14
2025-06-20 03:05:07.388316+0100 0x79       Default     0x0                  0      0    kernel: (AppleACPIPlatform) ACPI: cannot translate ACPI object 14
2025-06-20 03:05:07.388318+0100 0x79       Default     0x0                  0      0    kernel: (AppleACPIPlatform) ACPI: cannot translate ACPI object 14
2025-06-20 03:05:07.389611+0100 0x79       Default     0x0                  0      0    kernel: (AppleACPIPlatform) ACPI Error:
2025-06-20 03:05:07.389612+0100 0x79       Default     0x0                  0      0    kernel: (AppleACPIPlatform) ACPI Error:
2025-06-20 03:05:07.389613+0100 0x79       Default     0x0                  0      0    kernel: (AppleACPIPlatform) [\XOSI]
2025-06-20 03:05:07.389613+0100 0x79       Default     0x0                  0      0    kernel: (AppleACPIPlatform) [\XOSI]
2025-06-20 03:05:07.389614+0100 0x79       Default     0x0                  0      0    kernel: (AppleACPIPlatform)  Namespace lookup failure, AE_NOT_FOUND
2025-06-20 03:05:07.389614+0100 0x79       Default     0x0                  0      0    kernel: (AppleACPIPlatform)  Namespace lookup failure, AE_NOT_FOUND
2025-06-20 03:05:07.389615+0100 0x79       Default     0x0                  0      0    kernel: (AppleACPIPlatform)  (20160930/psargs-463)
2025-06-20 03:05:07.389615+0100 0x79       Default     0x0                  0      0    kernel: (AppleACPIPlatform)  (20160930/psargs-463)
2025-06-20 03:05:07.389617+0100 0x79       Default     0x0                  0      0    kernel: (AppleACPIPlatform) [_STA] @00003 #002D:
2025-06-20 03:05:07.389617+0100 0x79       Default     0x0                  0      0    kernel: (AppleACPIPlatform) [_STA] @00003 #002D:
2025-06-20 03:05:07.389618+0100 0x79       Default     0x0                  0      0    kernel: (AppleACPIPlatform) 
2025-06-20 03:05:07.389618+0100 0x79       Default     0x0                  0      0    kernel: (AppleACPIPlatform) 
2025-06-20 03:05:07.389618+0100 0x79       Default     0x0                  0      0    kernel: (AppleACPIPlatform) No Local Variables are initialized for method [_STA]
2025-06-20 03:05:07.389619+0100 0x79       Default     0x0                  0      0    kernel: (AppleACPIPlatform) No Local Variables are initialized for method [_STA]
2025-06-20 03:05:07.389620+0100 0x79       Default     0x0                  0      0    kernel: (AppleACPIPlatform) 
2025-06-20 03:05:07.389620+0100 0x79       Default     0x0                  0      0    kernel: (AppleACPIPlatform) 
2025-06-20 03:05:07.389621+0100 0x79       Default     0x0                  0      0    kernel: (AppleACPIPlatform) No Arguments are initialized for method [_STA]
2025-06-20 03:05:07.389621+0100 0x79       Default     0x0                  0      0    kernel: (AppleACPIPlatform) No Arguments are initialized for method [_STA]
2025-06-20 03:05:07.389622+0100 0x79       Default     0x0                  0      0    kernel: (AppleACPIPlatform) 
2025-06-20 03:05:07.389622+0100 0x79       Default     0x0                  0      0    kernel: (AppleACPIPlatform) 
2025-06-20 03:05:07.389623+0100 0x79       Default     0x0                  0      0    kernel: (AppleACPIPlatform) ACPI Error:
2025-06-20 03:05:07.389623+0100 0x4e3      Default     0x0                  0      0    kernel: (AppleACPIPlatform) ACPI Error:
2025-06-20 03:05:07.389623+0100 0x4e3      Default     0x0                  0      0    kernel: (AppleACPIPlatform) Method parse/execution failed
2025-06-20 03:05:07.389624+0100 0x4e3      Default     0x0                  0      0    kernel: (AppleACPIPlatform) Method parse/execution failed
2025-06-20 03:05:07.389624+0100 0x4e3      Default     0x0                  0      0    kernel: (AppleACPIPlatform) [\_SB.APAD._STA] (Node ffffffadd5681ee0)
2025-06-20 03:05:07.389625+0100 0x4e3      Default     0x0                  0      0    kernel: (AppleACPIPlatform) [\_SB.APAD._STA] (Node ffffffadd5681ee0)
2025-06-20 03:05:07.389625+0100 0x4e3      Default     0x0                  0      0    kernel: (AppleACPIPlatform) , AE_NOT_FOUND
2025-06-20 03:05:07.389626+0100 0x4e3      Default     0x0                  0      0    kernel: (AppleACPIPlatform) , AE_NOT_FOUND
2025-06-20 03:05:07.389626+0100 0x4e3      Default     0x0                  0      0    kernel: (AppleACPIPlatform)  (20160930/psparse-632)
2025-06-20 03:05:07.389626+0100 0x4e3      Default     0x0                  0      0    kernel: (AppleACPIPlatform)  (20160930/psparse-632)
2025-06-20 03:05:07.389637+0100 0x4e3      Default     0x0                  0      0    kernel: (AppleACPIPlatform) ACPI Error:
2025-06-20 03:05:07.389638+0100 0x4e3      Default     0x0                  0      0    kernel: (AppleACPIPlatform) ACPI Error:
2025-06-20 03:05:07.389638+0100 0x4e3      Default     0x0                  0      0    kernel: (AppleACPIPlatform) [\XOSI]
2025-06-20 03:05:07.389639+0100 0x4e3      Default     0x0                  0      0    kernel: (AppleACPIPlatform) [\XOSI]
2025-06-20 03:05:07.389639+0100 0x4e3      Default     0x0                  0      0    kernel: (AppleACPIPlatform)  Namespace lookup failure, AE_NOT_FOUND
2025-06-20 03:05:07.389639+0100 0x4e3      Default     0x0                  0      0    kernel: (AppleACPIPlatform)  Namespace lookup failure, AE_NOT_FOUND
2025-06-20 03:05:07.389640+0100 0x4e3      Default     0x0                  0      0    kernel: (AppleACPIPlatform)  (20160930/psargs-463)
2025-06-20 03:05:07.389641+0100 0x4e3      Default     0x0                  0      0    kernel: (AppleACPIPlatform)  (20160930/psargs-463)
2025-06-20 03:05:07.389642+0100 0x4e3      Default     0x0                  0      0    kernel: (AppleACPIPlatform) [_STA] @00003 #002D:
2025-06-20 03:05:07.389642+0100 0x4e3      Default     0x0                  0      0    kernel: (AppleACPIPlatform) [_STA] @00003 #002D:
2025-06-20 03:05:07.389642+0100 0x4e3      Default     0x0                  0      0    kernel: (AppleACPIPlatform) 
2025-06-20 03:05:07.389643+0100 0x4e3      Default     0x0                  0      0    kernel: (AppleACPIPlatform) 
2025-06-20 03:05:07.389643+0100 0x4e3      Default     0x0                  0      0    kernel: (AppleACPIPlatform) No Local Variables are initialized for method [_STA]
2025-06-20 03:05:07.389644+0100 0x4e3      Default     0x0                  0      0    kernel: (AppleACPIPlatform) No Local Variables are initialized for method [_STA]
2025-06-20 03:05:07.389644+0100 0x4e3      Default     0x0                  0      0    kernel: (AppleACPIPlatform) 
2025-06-20 03:05:07.389645+0100 0x79       Default     0x0                  0      0    kernel: (AppleACPIPlatform) 
2025-06-20 03:05:07.389645+0100 0x79       Default     0x0                  0      0    kernel: (AppleACPIPlatform) No Arguments are initialized for method [_STA]
2025-06-20 03:05:07.389646+0100 0x79       Default     0x0                  0      0    kernel: (AppleACPIPlatform) No Arguments are initialized for method [_STA]
2025-06-20 03:05:07.389646+0100 0x79       Default     0x0                  0      0    kernel: (AppleACPIPlatform) 
2025-06-20 03:05:07.389647+0100 0x79       Default     0x0                  0      0    kernel: (AppleACPIPlatform) 
2025-06-20 03:05:07.389647+0100 0x79       Default     0x0                  0      0    kernel: (AppleACPIPlatform) ACPI Error:
2025-06-20 03:05:07.389648+0100 0x79       Default     0x0                  0      0    kernel: (AppleACPIPlatform) ACPI Error:
2025-06-20 03:05:07.389648+0100 0x79       Default     0x0                  0      0    kernel: (AppleACPIPlatform) Method parse/execution failed
2025-06-20 03:05:07.389648+0100 0x79       Default     0x0                  0      0    kernel: (AppleACPIPlatform) Method parse/execution failed
2025-06-20 03:05:07.389649+0100 0x79       Default     0x0                  0      0    kernel: (AppleACPIPlatform) [\_SB.APAD._STA] (Node ffffffadd5681ee0)
2025-06-20 03:05:07.389649+0100 0x79       Default     0x0                  0      0    kernel: (AppleACPIPlatform) [\_SB.APAD._STA] (Node ffffffadd5681ee0)
2025-06-20 03:05:07.389650+0100 0x79       Default     0x0                  0      0    kernel: (AppleACPIPlatform) , AE_NOT_FOUND
2025-06-20 03:05:07.389650+0100 0x79       Default     0x0                  0      0    kernel: (AppleACPIPlatform) , AE_NOT_FOUND
2025-06-20 03:05:07.389651+0100 0x79       Default     0x0                  0      0    kernel: (AppleACPIPlatform)  (20160930/psparse-632)
2025-06-20 03:05:07.389651+0100 0x79       Default     0x0                  0      0    kernel: (AppleACPIPlatform)  (20160930/psparse-632)
2025-06-20 03:05:07.391348+0100 0x409      Default     0x0                  0      0    kernel: (IOPCIFamily) [addMemoryRange()] AppleVTD is not yet installed as gSystem
2025-06-20 03:05:07.391352+0100 0x409      Default     0x0                  0      0    kernel: (IOPCIFamily) [addMemoryRange()] AppleVTD is not yet installed as gSystem
2025-06-20 03:05:07.391355+0100 0x409      Default     0x0                  0      0    kernel: (IOPCIFamily) [addMemoryRange()] AppleVTD is not yet installed as gSystem
2025-06-20 03:05:07.391357+0100 0x409      Default     0x0                  0      0    kernel: (IOPCIFamily) [addMemoryRange()] AppleVTD is not yet installed as gSystem
2025-06-20 03:05:07.391437+0100 0x3f2      Default     0x0                  0      0    kernel: PMRD: PMTrace found PCI host bridge PCI0->AppleACPIPCI
2025-06-20 03:05:07.391449+0100 0x3f2      Default     0x0                  0      0    kernel: PMRD: PowerChangeOverride (ON_STATE->ON_STATE, f, 0x2) tag 0x70064
2025-06-20 03:05:07.391452+0100 0x3f2      Default     0x0                  0      0    kernel: PMRD: PowerChangeDone: ON_STATE->ON_STATE
2025-06-20 03:05:07.391491+0100 0x3f2      Default     0x0                  0      0    kernel: PMRD: PowerChangeOverride (ON_STATE->ON_STATE, f, 0x2) tag 0x80064
2025-06-20 03:05:07.391493+0100 0x3f2      Default     0x0                  0      0    kernel: PMRD: PowerChangeDone: ON_STATE->ON_STATE
2025-06-20 03:05:07.391514+0100 0x3e2      Default     0x0                  0      0    kernel: (IOPCIFamily) [ PCI configuration begin ]
2025-06-20 03:05:07.391517+0100 0x3e2      Default     0x0                  0      0    kernel: (IOPCIFamily) IOPCIConfigurator::configure kIOPCIEnumerationWaitTime is 900
2025-06-20 03:05:07.392247+0100 0x3e2      Default     0x0                  0      0    kernel: kPEDisableScreen -1
2025-06-20 03:05:07.392250+0100 0x464      Default     0x0                  0      0    kernel: (AppleCredentialManager) AppleCredentialManager: initImpl: called, KE[1].
2025-06-20 03:05:07.392267+0100 0x464      Default     0x0                  0      0    kernel: (AppleCredentialManager) AppleCredentialManager: initImpl: eosDeviceType=0, useOptionalSEP=NO.
2025-06-20 03:05:07.392272+0100 0x464      Default     0x0                  0      0    kernel: (AppleCredentialManager) ACM: Env_SetVariableWithParams: set var[6] len=1 <00>.
2025-06-20 03:05:07.392276+0100 0x464      Default     0x0                  0      0    kernel: (AppleCredentialManager) ACM: InitCredentialEngine: Global credential set created, CS[20].
2025-06-20 03:05:07.392277+0100 0x464      Default     0x0                  0      0    kernel: (AppleCredentialManager) ACM: Env_SetVariableWithParams: set var[5] len=1 <00>.
2025-06-20 03:05:07.392278+0100 0x464      Default     0x0                  0      0    kernel: (AppleCredentialManager) ACM: Env_SetVariableWithParams: set var[23] len=1 <01>.
2025-06-20 03:05:07.392279+0100 0x464      Default     0x0                  0      0    kernel: (AppleCredentialManager) ACM: Env_SetVariableWithParams: set var[24] len=22 <4e6f7620313520323032342c2031353a31323a353600>.
2025-06-20 03:05:07.392282+0100 0x464      Default     0x0                  0      0    kernel: (AppleCredentialManager) ACM: Env_SetDataProvider: data provider *set* for var[25].
2025-06-20 03:05:07.392283+0100 0x464      Default     0x0                  0      0    kernel: (AppleCredentialManager) ACM: Env_SetDataProvider: data provider *set* for var[27].
2025-06-20 03:05:07.392284+0100 0x464      Default     0x0                  0      0    kernel: (AppleCredentialManager) ACM: Env_SetDataProvider: data provider *set* for var[36].
2025-06-20 03:05:07.392285+0100 0x464      Default     0x0                  0      0    kernel: (AppleCredentialManager) ACM: Env_SetDataProvider: data provider *set* for var[22].
2025-06-20 03:05:07.392286+0100 0x464      Default     0x0                  0      0    kernel: (AppleCredentialManager) ACM: Env_SetDataProvider: data provider *set* for var[29].
2025-06-20 03:05:07.392287+0100 0x464      Default     0x0                  0      0    kernel: (AppleCredentialManager) ACM: Env_SetVariableWithParams: set var[7] len=1 <00>.
2025-06-20 03:05:07.392288+0100 0x464      Default     0x0                  0      0    kernel: (AppleCredentialManager) ACM: Env_SetVariableWithParams: set var[26] len=1 <00>.
2025-06-20 03:05:07.392289+0100 0x464      Default     0x0                  0      0    kernel: (AppleCredentialManager) ACM: Env_SetVariableWithParams: set var[33] len=1 <01>.
2025-06-20 03:05:07.392291+0100 0x464      Default     0x0                  0      0    kernel: (AppleCredentialManager) ACM: Env_SetVariableWithParams: set var[34] len=1 <00>.
2025-06-20 03:05:07.392292+0100 0x464      Default     0x0                  0      0    kernel: (AppleCredentialManager) ACM: Env_SetDataProvider: data provider *set* for var[47].
2025-06-20 03:05:07.392293+0100 0x464      Default     0x0                  0      0    kernel: (AppleCredentialManager) ACM: Env_SetDataProvider: data provider *set* for var[44].
2025-06-20 03:05:07.392294+0100 0x464      Default     0x0                  0      0    kernel: (AppleCredentialManager) ACM: SEPControl_SetCallback: ACM control provider *set* for control code[1].
2025-06-20 03:05:07.392296+0100 0x464      Default     0x0                  0      0    kernel: (AppleCredentialManager) ACM: Env_SetDataSetCallback: data set callback *set* for var[43].
2025-06-20 03:05:07.392297+0100 0x464      Default     0x0                  0      0    kernel: (AppleCredentialManager) ACM: Env_SetDataSetCallback: data set callback *set* for var[42].
2025-06-20 03:05:07.392298+0100 0x464      Default     0x0                  0      0    kernel: (AppleCredentialManager) ACM: Env_SetDataProvider: data provider *set* for var[51].
2025-06-20 03:05:07.392300+0100 0x464      Default     0x0                  0      0    kernel: (AppleCredentialManager) ACMFirstResponderKernelService: init: called, .
2025-06-20 03:05:07.392303+0100 0x464      Default     0x0                  0      0    kernel: (AppleCredentialManager) ACMTRM-S: init: called, starting PersistentStore service.
2025-06-20 03:05:07.392307+0100 0x464      Default     0x0                  0      0    kernel: (AppleCredentialManager) ACMTRM-A: init: called, starting TRM Analytics service.
2025-06-20 03:05:07.392309+0100 0x464      Default     0x0                  0      0    kernel: (AppleCredentialManager) ACMTRM-C: init: called, starting AccessoryCache service.
2025-06-20 03:05:07.392311+0100 0x464      Default     0x0                  0      0    kernel: (AppleCredentialManager) ACMKernelService: initValueFromBootArgAliasesUInt32: acc-cache size = 48 (default).
2025-06-20 03:05:07.392314+0100 0x464      Default     0x0                  0      0    kernel: (AppleCredentialManager) ACMKernelService: initValueFromBootArgAliasesUInt32: acc-cache expiration = 2592000 (default).
2025-06-20 03:05:07.392315+0100 0x464      Default     0x0                  0      0    kernel: (AppleCredentialManager) ACM: TRMAccCache_SetupEmpty: called, cacheSize=48 expiration=2592000.
2025-06-20 03:05:07.392318+0100 0x464      Default     0x0                  0      0    kernel: (AppleCredentialManager) ACMTRM: init: called, starting TRM service.
2025-06-20 03:05:07.392319+0100 0x464      Default     0x0                  0      0    kernel: (AppleCredentialManager) ACMKernelService: initValueFromBootArgAliasesUInt32: policy supported in BaseSystem = 0 (default).
2025-06-20 03:05:07.392321+0100 0x464      Default     0x0                  0      0    kernel: (AppleCredentialManager) ACMKernelService: initValueFromBootArgAliasesUInt32: config profile = 4294967295 (default).
2025-06-20 03:05:07.392325+0100 0x464      Default     0x0                  0      0    kernel: (AppleCredentialManager) AssertMacros: dtDefaults (value: 0x0), ---, file: /AppleInternal/Library/BuildRoots/d0437527-a2c9-11ef-b8aa-a6e88e557b55/Library/Caches/com.apple.xbs/Sources/AppleCredentialManager/AppleCredentialManager/Services/ACMRestrictedModeKernelService.cpp:2406
2025-06-20 03:05:07.392328+0100 0x464      Default     0x0                  0      0    kernel: (AppleCredentialManager) ACMTRM: _getDefaultConfigProfile: config profile: 2 (boot-arg=2 edt-prop=2).
2025-06-20 03:05:07.392330+0100 0x464      Default     0x0                  0      0    kernel: (AppleCredentialManager) ACMKernelService: initValueFromBootArgAliasesUInt32: policy mode timeout = 604800 (default).
2025-06-20 03:05:07.392331+0100 0x464      Default     0x0                  0      0    kernel: (AppleCredentialManager) ACMKernelService: initValueFromBootArgAliasesUInt32: grace period (bounded) timeout = 259200 (default).
2025-06-20 03:05:07.392332+0100 0x464      Default     0x0                  0      0    kernel: (AppleCredentialManager) ACMKernelService: initValueFromBootArgAliasesUInt32: relaxed period timeout = 259200 (default).
2025-06-20 03:05:07.392333+0100 0x464      Default     0x0                  0      0    kernel: (AppleCredentialManager) ACMKernelService: initValueFromBootArgAliasesUInt32: unlocked period timeout = 86400 (default).
2025-06-20 03:05:07.392335+0100 0x464      Default     0x0                  0      0    kernel: (AppleCredentialManager) ACMKernelService: initValueFromBootArgAliasesUInt32: enabled by default = 1 (default).
2025-06-20 03:05:07.392344+0100 0x464      Default     0x0                  0      0    kernel: (AppleCredentialManager) AssertMacros: data (value: 0x0), 'disable-transport-rm' property not found, file: /AppleInternal/Library/BuildRoots/d0437527-a2c9-11ef-b8aa-a6e88e557b55/Library/Caches/com.apple.xbs/Sources/AppleCredentialManager/AppleCredentialManager/Services/ACMRestrictedModeKernelService.cpp:2335
2025-06-20 03:05:07.392347+0100 0x464      Default     0x0                  0      0    kernel: (AppleCredentialManager) ACMTRM: _loadDisabledByOSEnvironment: disabled by OSEnvironment: NO.
2025-06-20 03:05:07.392357+0100 0x464      Default     0x0                  0      0    kernel: (AppleCredentialManager) AssertMacros: data (value: 0x0), 'external-boot' property not found, file: /AppleInternal/Library/BuildRoots/d0437527-a2c9-11ef-b8aa-a6e88e557b55/Library/Caches/com.apple.xbs/Sources/AppleCredentialManager/AppleCredentialManager/Services/ACMRestrictedModeKernelService.cpp:2361
2025-06-20 03:05:07.392360+0100 0x464      Default     0x0                  0      0    kernel: (AppleCredentialManager) ACMTRM: _loadDisabledByExternalBoot: disabled by ExternalBoot: NO.
2025-06-20 03:05:07.392364+0100 0x464      Default     0x0                  0      0    kernel: (AppleCredentialManager) ACMTRM: _mapAndPublishTRM: set TRM_PolicyTimeout = 604800.
2025-06-20 03:05:07.392366+0100 0x464      Default     0x0                  0      0    kernel: (AppleCredentialManager) ACMTRM: _mapAndPublishTRM: set TRM_PolicyReason = Unrestricted(0).
2025-06-20 03:05:07.392368+0100 0x464      Default     0x0                  0      0    kernel: (AppleCredentialManager) ACMTRM: _mapAndPublishTRM: set TRM_RelaxedPeriodTimeout = 259200.
2025-06-20 03:05:07.392371+0100 0x464      Default     0x0                  0      0    kernel: (AppleCredentialManager) ACMTRM: _mapAndPublishTRM: set TRM_UnlockedPeriodTimeout = 86400.
2025-06-20 03:05:07.392374+0100 0x464      Default     0x0                  0      0    kernel: (AppleCredentialManager) ACMTRM: _mapAndPublishTRM: sending kIOMessageServicePropertyChange(#changes=4) while LOCKED(1), TRM: 604800/U(0) 4294967295/-(255) M=255/4294967295/4294967295 ---(255)/---(255) L=255 BS=255 R=255 RP=259200/255 UP=86400/255, CUR: U(0) -(255).
2025-06-20 03:05:07.392380+0100 0x464      Default     0x0                  0      0    kernel: (AppleCredentialManager) ACMLockdownModeKernelService: init: called, .
2025-06-20 03:05:07.392381+0100 0x464      Default     0x0                  0      0    kernel: (AppleCredentialManager) ACMLockdownModeKernelService: init: returning, result = true.
2025-06-20 03:05:07.392382+0100 0x464      Default     0x0                  0      0    kernel: (AppleCredentialManager) AppleCredentialManager: initImpl: KE[1] INITED.
2025-06-20 03:05:07.392383+0100 0x464      Default     0x0                  0      0    kernel: (AppleCredentialManager) AppleCredentialManager: initImpl: returning, KE[1] -> true.
2025-06-20 03:05:07.392385+0100 0x464      Default     0x0                  0      0    kernel: (AppleCredentialManager) AppleCredentialManager: startImpl: called, KE[1].
2025-06-20 03:05:07.392462+0100 0x409      Default     0x0                  0      0    kernel: PMRD: power event 7 args 0x54c47e92e5da5a21 0x0
2025-06-20 03:05:07.392477+0100 0x409      Default     0x0                  0      0    kernel: PMRD: PowerChangeOverride (ON_STATE->ON_STATE, f, 0x302) tag 0x90064
2025-06-20 03:05:07.392478+0100 0x464      Default     0x0                  0      0    kernel: (AppleCredentialManager) ACMTRM: start: security.mac.acm.root_pivot_occurred sysctl registered.
2025-06-20 03:05:07.392479+0100 0x464      Default     0x0                  0      0    kernel: (AppleCredentialManager) ACMLockdownModeKernelService: start: called, .
2025-06-20 03:05:07.392480+0100 0x464      Default     0x0                  0      0    kernel: (AppleCredentialManager) ACMLockdownModeKernelService: start: returning, result = true.
2025-06-20 03:05:07.392481+0100 0x409      Default     0x0                  0      0    kernel: PMRD: PowerChangeDone: ON_STATE->ON_STATE
2025-06-20 03:05:07.392575+0100 0x464      Default     0x0                  0      0    kernel: (AppleCredentialManager) AppleCredentialManager: startImpl: registering notifications.
2025-06-20 03:05:07.392578+0100 0x464      Default     0x0                  0      0    kernel: (AppleCredentialManager) AppleCredentialManager: startImpl: KE[1] STARTED.
2025-06-20 03:05:07.392579+0100 0x464      Default     0x0                  0      0    kernel: (AppleCredentialManager) AppleCredentialManager: startImpl: returning, KE[1] -> true.
2025-06-20 03:05:07.392580+0100 0x464      Default     0x0                  0      0    kernel: (AppleCredentialManager) AppleCredentialManager: start: started KE[1] (ready=YES) -> true.
2025-06-20 03:05:07.392582+0100 0x464      Default     0x0                  0      0    kernel: AppleCyrus::start(IOResources) <1>
2025-06-20 03:05:07.392610+0100 0x2fb      Default     0x0                  0      0    kernel: PMRD: PowerChangeOverride (ON_STATE->ON_STATE, f, 0x2) tag 0xa0064
2025-06-20 03:05:07.392612+0100 0x2fb      Default     0x0                  0      0    kernel: PMRD: PowerChangeDone: ON_STATE->ON_STATE
2025-06-20 03:05:07.392618+0100 0x464      Default     0x0                  0      0    kernel: (AppleDiskImages2) [0 (ctx)] virtual bool AppleDiskImagesController::start(IOService *)::156: kext version: 276.120.7
2025-06-20 03:05:07.392638+0100 0x2fb      Default     0x0                  0      0    kernel: PMRD: PowerChangeOverride (ON_STATE->ON_STATE, f, 0x2) tag 0xb0064
2025-06-20 03:05:07.392639+0100 0x2fb      Default     0x0                  0      0    kernel: PMRD: PowerChangeDone: ON_STATE->ON_STATE
2025-06-20 03:05:07.392640+0100 0x464      Default     0x0                  0      0    kernel: IOGetBootKeyStoreData: data at address 0 size 0
2025-06-20 03:05:07.392670+0100 0x464      Default     0x0                  0      0    kernel: (AppleKeyStore) AppleKeyStore:331:0: starting (BUILT: Nov 15 2024 15:15:23) (normal variant 🌽 , 1655.140.2)
2025-06-20 03:05:07.392672+0100 0x4e4      Default     0x0                  0      0    kernel: PMRD: PowerChangeOverride (ON_STATE->ON_STATE, f, 0x2) tag 0xc0064
2025-06-20 03:05:07.392675+0100 0x4e4      Default     0x0                  0      0    kernel: PMRD: PowerChangeDone: ON_STATE->ON_STATE
2025-06-20 03:05:07.392726+0100 0x4e4      Default     0x0                  0      0    kernel: PMRD: PowerChangeOverride (ON_STATE->ON_STATE, f, 0x2) tag 0xd0064
2025-06-20 03:05:07.392727+0100 0x4e4      Default     0x0                  0      0    kernel: PMRD: PowerChangeDone: ON_STATE->ON_STATE
2025-06-20 03:05:07.392743+0100 0x464      Default     0x0                  0      0    kernel: (AppleKeyStore) AppleKeyStore:485:0: _sep_enabled = 0
2025-06-20 03:05:07.392750+0100 0x464      Default     0x0                  0      0    kernel: AppleKeyStoreTest::start(IOResources) <1>
2025-06-20 03:05:07.392756+0100 0x464      Default     0x0                  0      0    kernel: (AppleLockdownMode) [AppleLockdownMode - start] started
2025-06-20 03:05:07.392766+0100 0x3f7      Default     0x0                  0      0    kernel: (AppleLockdownMode) [AppleLockdownMode - LDMShouldEnforceParity] restoreOS check passed
2025-06-20 03:05:07.392784+0100 0x464      Default     0x0                  0      0    kernel: (AppleSSE) AppleSSE::start called
2025-06-20 03:05:07.392799+0100 0x464      Default     0x0                  0      0    kernel: (AppleSSE) AssertMacros: value (value: 0x0),  file: /AppleInternal/Library/BuildRoots/d0437527-a2c9-11ef-b8aa-a6e88e557b55/Library/Caches/com.apple.xbs/Sources/AppleSSE/AppleSSE/AppleSSE.cpp, line: 49
2025-06-20 03:05:07.392813+0100 0x464      Default     0x0                  0      0    kernel: (AppleSSE) AppleSSE::start returning, result = 1
2025-06-20 03:05:07.392817+0100 0x3de      Default     0x0                  0      0    kernel: PMRD: PowerChangeOverride (ON_STATE->ON_STATE, f, 0x2) tag 0xe0064
2025-06-20 03:05:07.392818+0100 0x464      Default     0x0                  0      0    kernel: (CoreAnalyticsFamily) virtual bool CoreAnalyticsHub::start(IOService *)::139:CoreAnalyticsHub start
2025-06-20 03:05:07.392820+0100 0x3de      Default     0x0                  0      0    kernel: PMRD: PowerChangeDone: ON_STATE->ON_STATE
2025-06-20 03:05:07.392820+0100 0x432      Default     0x0                  0      0    kernel: (CoreAnalyticsFamily) virtual bool CoreAnalyticsHub::start(IOService *)::139:CoreAnalyticsHub start
2025-06-20 03:05:07.392914+0100 0x3f2      Default     0x0                  0      0    kernel: PMRD: PowerChangeOverride (ON_STATE->ON_STATE, f, 0x2) tag 0xf0064
2025-06-20 03:05:07.392916+0100 0x3f2      Default     0x0                  0      0    kernel: PMRD: PowerChangeDone: ON_STATE->ON_STATE
2025-06-20 03:05:07.392987+0100 0x432      Default     0x0                  0      0    kernel: (CoreAnalyticsFamily) virtual bool CoreAnalyticsHub::start(IOService *)::218:CoreAnalyticsHub start completed
2025-06-20 03:05:07.392989+0100 0x432      Default     0x0                  0      0    kernel: (CoreAnalyticsFamily) virtual bool CoreAnalyticsHub::start(IOService *)::218:CoreAnalyticsHub start completed
2025-06-20 03:05:07.393021+0100 0x3ec      Default     0x0                  0      0    kernel: PMRD: PowerChangeOverride (ON_STATE->ON_STATE, f, 0x2) tag 0x100064
2025-06-20 03:05:07.393024+0100 0x3ec      Default     0x0                  0      0    kernel: PMRD: PowerChangeDone: ON_STATE->ON_STATE
2025-06-20 03:05:07.393051+0100 0x3be      Default     0x0                  0      0    kernel: PMRD: PowerChangeOverride (ON_STATE->ON_STATE, f, 0x2) tag 0x110064
2025-06-20 03:05:07.393054+0100 0x3be      Default     0x0                  0      0    kernel: PMRD: PowerChangeDone: ON_STATE->ON_STATE
2025-06-20 03:05:07.393065+0100 0x432      Default     0x0                  0      0    kernel: (IOBluetoothFamily) [com.apple.bluetooth:KernelBluetoothFamily] **** [IOBluetoothFamily][start] -- completed successfully for HIDShim
2025-06-20 03:05:07.393387+0100 0x4d1      Default     0x0                  0      0    kernel: (IOTimeSyncFamily) IOTimeSyncRootService::start
2025-06-20 03:05:07.395051+0100 0x604      Default     0x0                  0      0    kernel: (AppleHPET) HPET: map device registers failed
2025-06-20 03:05:07.395053+0100 0x604      Default     0x0                  0      0    kernel: (AppleHPET) HPET: map device registers failed
2025-06-20 03:05:07.395417+0100 0x79       Default     0x0                  0      0    kernel: (IOTimeSyncFamily) IOTimeSyncClockManager::init
2025-06-20 03:05:07.395427+0100 0x79       Default     0x0                  0      0    kernel: (IOTimeSyncFamily) IOTimeSyncClockManager::start
2025-06-20 03:05:07.395432+0100 0x79       Default     0x0                  0      0    kernel: (IOTimeSyncFamily) Assert: orderedLookup->getCount() > 0 (value 0x0 0),  file: /AppleInternal/Library/BuildRoots/d0437527-a2c9-11ef-b8aa-a6e88e557b55/Library/Caches/com.apple.xbs/Sources/TimeSync_kext/IOTimeSyncFamily/IOTimeSyncClockManager.cpp, line: 1060
2025-06-20 03:05:07.395450+0100 0x79       Default     0x0                  0      0    kernel: (IOTimeSyncFamily)   IOTimeSyncTranslationMach(0xffffffffffffffff): Set lock state to Locked from Not Locking
2025-06-20 03:05:07.395453+0100 0x79       Default     0x0                  0      0    kernel: (IOTimeSyncFamily)   IOTimeSyncTranslationMach(0xffffffffffffffff): [Lock state] Kernel notifying kIOTimeSyncNotificationChangeClockLockState to Locked
2025-06-20 03:05:07.396147+0100 0x4af      Default     0x0                  0      0    kernel: initialize_screen: b=A0000000, w=00000A00, h=000005A0, r=00002800, d=00000001
2025-06-20 03:05:07.396257+0100 0x4af      Default     0x0                  0      0    kernel: kPEEnableScreen 1
2025-06-20 03:05:07.396258+0100 0x4af      Default     0x0                  0      0    kernel: (IOPCIFamily) console relocated to 0xa0000000
2025-06-20 03:05:07.397496+0100 0x429      Default     0x0                  0      0    kernel: (AppleRTC) RTC: Only single RAM bank (128 bytes)
2025-06-20 03:05:07.397498+0100 0x429      Default     0x0                  0      0    kernel: (AppleRTC) RTC: Only single RAM bank (128 bytes)
2025-06-20 03:05:07.398055+0100 0x3f2      Default     0x0                  0      0    3E1326CF-F9E2-3214-82A3-081100FBD733: (missing UUID) <compose failure [missing precomposed log]>
2025-06-20 03:05:07.398110+0100 0x429      Default     0x0                  0      0    kernel: (AppleRTC) RTC: lost battery power - time may be invalid
2025-06-20 03:05:07.398111+0100 0x429      Default     0x0                  0      0    kernel: (AppleRTC) RTC: lost battery power - time may be invalid
2025-06-20 03:05:07.398197+0100 0x3f2      Default     0x0                  0      0    kernel: PMRD: PowerChangeOverride (ON_STATE->ON_STATE, f, 0x2) tag 0x120064
2025-06-20 03:05:07.398198+0100 0x3f2      Default     0x0                  0      0    kernel: PMRD: PowerChangeDone: ON_STATE->ON_STATE
2025-06-20 03:05:07.398226+0100 0x3f2      Default     0x0                  0      0    kernel: PMRD: PowerChangeOverride (ON_STATE->ON_STATE, f, 0x2) tag 0x130064
2025-06-20 03:05:07.398227+0100 0x3f2      Default     0x0                  0      0    kernel: PMRD: PowerChangeDone: ON_STATE->ON_STATE
2025-06-20 03:05:07.398227+0100 0x409      Default     0x0                  0      0    3E1326CF-F9E2-3214-82A3-081100FBD733: (missing UUID) <compose failure [missing precomposed log]>
2025-06-20 03:05:07.398230+0100 0x409      Default     0x0                  0      0    3E1326CF-F9E2-3214-82A3-081100FBD733: (missing UUID) <compose failure [missing precomposed log]>
2025-06-20 03:05:07.398266+0100 0x3f2      Default     0x0                  0      0    kernel: PMRD: PowerChangeOverride (ON_STATE->ON_STATE, f, 0x2) tag 0x140064
2025-06-20 03:05:07.398268+0100 0x3f2      Default     0x0                  0      0    kernel: PMRD: PowerChangeDone: ON_STATE->ON_STATE
2025-06-20 03:05:07.398280+0100 0x3f2      Default     0x0                  0      0    kernel: PMRD: PowerChangeOverride (ON_STATE->ON_STATE, f, 0x2) tag 0x150064
2025-06-20 03:05:07.398280+0100 0x3f2      Default     0x0                  0      0    kernel: PMRD: PowerChangeDone: ON_STATE->ON_STATE
2025-06-20 03:05:07.403415+0100 0x3e2      Default     0x0                  0      0    kernel: (IOPCIFamily) [ PCI configuration end, bridges 25, devices 32 ]
2025-06-20 03:05:07.406783+0100 0x3be      Default     0x0                  0      0    3E1326CF-F9E2-3214-82A3-081100FBD733: (missing UUID) <compose failure [missing precomposed log]>
2025-06-20 03:05:07.407742+0100 0x3ec      Default     0x0                  0      0    kernel: (IONVMeFamily) virtual bool IONVMeController::start(IOService *)::796:IONVMeController::start
2025-06-20 03:05:07.407744+0100 0x3ec      Default     0x0                  0      0    kernel: (IONVMeFamily) virtual bool IONVMeController::start(IOService *)::796:IONVMeController::start
2025-06-20 03:05:07.407809+0100 0x3ec      Default     0x0                  0      0    kernel: (IONVMeFamily) AppleNVMe Assert failed: ( 0 != data )
2025-06-20 03:05:07.407810+0100 0x3ec      Default     0x0                  0      0    kernel: (IONVMeFamily) ReleaseIDNode
2025-06-20 03:05:07.407810+0100 0x3ec      Default     0x0                  0      0    kernel: (IONVMeFamily) file: /AppleInternal/Library/BuildRoots/d0437527-a2c9-11ef-b8aa-a6e88e557b55/Library/Caches/com.apple.xbs/Sources/IONVMeFamily/Common/IONVMeController.cpp
2025-06-20 03:05:07.407812+0100 0x3ec      Default     0x0                  0      0    kernel: (IONVMeFamily) line: 6331
2025-06-20 03:05:07.407812+0100 0x3ec      Default     0x0                  0      0    kernel: (IONVMeFamily) 
2025-06-20 03:05:07.407813+0100 0x3ec      Default     0x0                  0      0    kernel: (IONVMeFamily) AppleNVMe Assert failed: ( 0 != data )
2025-06-20 03:05:07.407814+0100 0x3ec      Default     0x0                  0      0    kernel: (IONVMeFamily) ReleaseIDNode
2025-06-20 03:05:07.407814+0100 0x3ec      Default     0x0                  0      0    kernel: (IONVMeFamily) file: /AppleInternal/Library/BuildRoots/d0437527-a2c9-11ef-b8aa-a6e88e557b55/Library/Caches/com.apple.xbs/Sources/IONVMeFamily/Common/IONVMeController.cpp
2025-06-20 03:05:07.407815+0100 0x3ec      Default     0x0                  0      0    kernel: (IONVMeFamily) line: 6331
2025-06-20 03:05:07.407816+0100 0x3ec      Default     0x0                  0      0    kernel: (IONVMeFamily) 
2025-06-20 03:05:07.407816+0100 0x3ec      Default     0x0                  0      0    kernel: (IONVMeFamily) AppleNVMe Assert failed: 0 == (status)
2025-06-20 03:05:07.407817+0100 0x3ec      Default     0x0                  0      0    kernel: (IONVMeFamily) Exit
2025-06-20 03:05:07.407817+0100 0x3ec      Default     0x0                  0      0    kernel: (IONVMeFamily) file: /AppleInternal/Library/BuildRoots/d0437527-a2c9-11ef-b8aa-a6e88e557b55/Library/Caches/com.apple.xbs/Sources/IONVMeFamily/Common/IONVMeController.cpp
2025-06-20 03:05:07.407818+0100 0x3ec      Default     0x0                  0      0    kernel: (IONVMeFamily) line: 6380
2025-06-20 03:05:07.407819+0100 0x3ec      Default     0x0                  0      0    kernel: (IONVMeFamily) 
2025-06-20 03:05:07.407852+0100 0x3ec      Default     0x0                  0      0    kernel: (IONVMeFamily) static AppleNVMeRequestPool *AppleNVMeRequestPool::Create(AppleNVMeWorkLoop *, uint8_t, uint16_t, uint32_t, bool, NVMeBufferAllocator *, lck_mtx_t *, NVMeCGType_t, IOMapper *)::111:NVMe Request Pool Init (External Drive Case). First phase, RequestCount = 1
2025-06-20 03:05:07.407854+0100 0x3ec      Default     0x0                  0      0    kernel: (IONVMeFamily) static AppleNVMeRequestPool *AppleNVMeRequestPool::Create(AppleNVMeWorkLoop *, uint8_t, uint16_t, uint32_t, bool, NVMeBufferAllocator *, lck_mtx_t *, NVMeCGType_t, IOMapper *)::111:NVMe Request Pool Init (External Drive Case). First phase, RequestCount = 1
2025-06-20 03:05:07.408372+0100 0x3ec      Default     0x0                  0      0    kernel: (IONVMeFamily) virtual IOReturn IONVMeController::CreateSubmissionQueue(uint16_t, uint8_t)::3183:SQ index=0 entrysize=64
2025-06-20 03:05:07.408375+0100 0x3e7      Default     0x0                  0      0    kernel: (IONVMeFamily) virtual IOReturn IONVMeController::CreateSubmissionQueue(uint16_t, uint8_t)::3183:SQ index=0 entrysize=64
2025-06-20 03:05:07.408380+0100 0x3e7      Default     0x0                  0      0    kernel: (IONVMeFamily) virtual IOReturn IONVMeController::CreateSubmissionQueue(uint16_t, uint8_t)::3183:SQ index=1 entrysize=64
2025-06-20 03:05:07.408382+0100 0x3e7      Default     0x0                  0      0    kernel: (IONVMeFamily) virtual IOReturn IONVMeController::CreateSubmissionQueue(uint16_t, uint8_t)::3183:SQ index=1 entrysize=64
2025-06-20 03:05:07.408874+0100 0x3e7      Default     0x0                  0      0    kernel: (IONVMeFamily) virtual bool IONVMeController::start(IOService *)::796:IONVMeController::start
2025-06-20 03:05:07.408876+0100 0x3e7      Default     0x0                  0      0    kernel: (IONVMeFamily) virtual bool IONVMeController::start(IOService *)::796:IONVMeController::start
2025-06-20 03:05:07.408977+0100 0x3e7      Default     0x0                  0      0    kernel: (IONVMeFamily) AppleNVMe Assert failed: ( 0 != data )
2025-06-20 03:05:07.408978+0100 0x3e7      Default     0x0                  0      0    kernel: (IONVMeFamily) ReleaseIDNode
2025-06-20 03:05:07.408978+0100 0x3e7      Default     0x0                  0      0    kernel: (IONVMeFamily) file: /AppleInternal/Library/BuildRoots/d0437527-a2c9-11ef-b8aa-a6e88e557b55/Library/Caches/com.apple.xbs/Sources/IONVMeFamily/Common/IONVMeController.cpp
2025-06-20 03:05:07.408979+0100 0x3e7      Default     0x0                  0      0    kernel: (IONVMeFamily) line: 6331
2025-06-20 03:05:07.408980+0100 0x3e7      Default     0x0                  0      0    kernel: (IONVMeFamily) 
2025-06-20 03:05:07.408981+0100 0x3e7      Default     0x0                  0      0    kernel: (IONVMeFamily) AppleNVMe Assert failed: ( 0 != data )
2025-06-20 03:05:07.408981+0100 0x3e7      Default     0x0                  0      0    kernel: (IONVMeFamily) ReleaseIDNode
2025-06-20 03:05:07.408982+0100 0x3e7      Default     0x0                  0      0    kernel: (IONVMeFamily) file: /AppleInternal/Library/BuildRoots/d0437527-a2c9-11ef-b8aa-a6e88e557b55/Library/Caches/com.apple.xbs/Sources/IONVMeFamily/Common/IONVMeController.cpp
2025-06-20 03:05:07.408983+0100 0x3e7      Default     0x0                  0      0    kernel: (IONVMeFamily) line: 6331
2025-06-20 03:05:07.408983+0100 0x3e7      Default     0x0                  0      0    kernel: (IONVMeFamily) 
2025-06-20 03:05:07.408983+0100 0x3e7      Default     0x0                  0      0    kernel: (IONVMeFamily) AppleNVMe Assert failed: 0 == (status)
2025-06-20 03:05:07.408984+0100 0x3e7      Default     0x0                  0      0    kernel: (IONVMeFamily) Exit
2025-06-20 03:05:07.408984+0100 0x3e7      Default     0x0                  0      0    kernel: (IONVMeFamily) file: /AppleInternal/Library/BuildRoots/d0437527-a2c9-11ef-b8aa-a6e88e557b55/Library/Caches/com.apple.xbs/Sources/IONVMeFamily/Common/IONVMeController.cpp
2025-06-20 03:05:07.408986+0100 0x3e7      Default     0x0                  0      0    kernel: (IONVMeFamily) line: 6380
2025-06-20 03:05:07.408986+0100 0x3e7      Default     0x0                  0      0    kernel: (IONVMeFamily) 
2025-06-20 03:05:07.409020+0100 0x3e7      Default     0x0                  0      0    kernel: (IONVMeFamily) static AppleNVMeRequestPool *AppleNVMeRequestPool::Create(AppleNVMeWorkLoop *, uint8_t, uint16_t, uint32_t, bool, NVMeBufferAllocator *, lck_mtx_t *, NVMeCGType_t, IOMapper *)::111:NVMe Request Pool Init (External Drive Case). First phase, RequestCount = 1
2025-06-20 03:05:07.409023+0100 0x3e7      Default     0x0                  0      0    kernel: (IONVMeFamily) static AppleNVMeRequestPool *AppleNVMeRequestPool::Create(AppleNVMeWorkLoop *, uint8_t, uint16_t, uint32_t, bool, NVMeBufferAllocator *, lck_mtx_t *, NVMeCGType_t, IOMapper *)::111:NVMe Request Pool Init (External Drive Case). First phase, RequestCount = 1
2025-06-20 03:05:07.409030+0100 0x3e7      Default     0x0                  0      0    kernel: (IONVMeFamily) virtual IOReturn IONVMeController::CreateSubmissionQueue(uint16_t, uint8_t)::3183:SQ index=0 entrysize=64
2025-06-20 03:05:07.409032+0100 0x3e7      Default     0x0                  0      0    kernel: (IONVMeFamily) virtual IOReturn IONVMeController::CreateSubmissionQueue(uint16_t, uint8_t)::3183:SQ index=0 entrysize=64
2025-06-20 03:05:07.409037+0100 0x2fb      Default     0x0                  0      0    kernel: (IONVMeFamily) virtual IOReturn IONVMeController::CreateSubmissionQueue(uint16_t, uint8_t)::3183:SQ index=1 entrysize=64
2025-06-20 03:05:07.409039+0100 0x2fb      Default     0x0                  0      0    kernel: (IONVMeFamily) virtual IOReturn IONVMeController::CreateSubmissionQueue(uint16_t, uint8_t)::3183:SQ index=1 entrysize=64
2025-06-20 03:05:07.412185+0100 0x432      Default     0x0                  0      0    kernel: (IOAHCIFamily) [AHCI][PML][00000000]+IOAHCIPortMultiplierGlobals::IOAHCIPortMultiplierGlobals
2025-06-20 03:05:07.412189+0100 0x432      Default     0x0                  0      0    kernel: (IOAHCIFamily) [AHCI][PML][00000000]-IOAHCIPortMultiplierGlobals::IOAHCIPortMultiplierGlobals
2025-06-20 03:05:07.412551+0100 0x432      Default     0x0                  0      0    kernel: (AppleAHCIPort) [AHCI][HBA][00000000] start::266:AppleAHCI::start
2025-06-20 03:05:07.412768+0100 0x2fb      Default     0x0                  0      0    kernel: (IONVMeFamily) virtual bool IONVMeController::start(IOService *)::852:Successfully initialized NVMe drive
2025-06-20 03:05:07.412771+0100 0x2fb      Default     0x0                  0      0    kernel: (IONVMeFamily) virtual bool IONVMeController::start(IOService *)::852:Successfully initialized NVMe drive
2025-06-20 03:05:07.413352+0100 0x43d      Default     0x0                  0      0    kernel: (apfs) apfs_module_start:3232: load: com.apple.filesystems.apfs, v2236.141.1, apfs-2236.141.1, 2024/11/15
2025-06-20 03:05:07.413364+0100 0x43d      Default     0x0                  0      0    kernel: (apfs) apfs_module_start:3258: setting max link-id cache size to: 12
2025-06-20 03:05:07.413366+0100 0x43d      Default     0x0                  0      0    kernel: ktriage_register_subsystem_strings: set subsystem 7 strings
2025-06-20 03:05:07.413569+0100 0x409      Default     0x0                  0      0    kernel: (IONVMeFamily) virtual bool IONVMeController::start(IOService *)::852:Successfully initialized NVMe drive
2025-06-20 03:05:07.413572+0100 0x409      Default     0x0                  0      0    kernel: (IONVMeFamily) virtual bool IONVMeController::start(IOService *)::852:Successfully initialized NVMe drive
2025-06-20 03:05:07.415312+0100 0x3de      Default     0x0                  0      0    kernel: EP00(0x1000002c8): matching deferred by AppleIntelI210
2025-06-20 03:05:07.416066+0100 0x2fb      Default     0x0                  0      0    3E1326CF-F9E2-3214-82A3-081100FBD733: (missing UUID) <compose failure [missing precomposed log]>
2025-06-20 03:05:07.416142+0100 0x2fb      Default     0x0                  0      0    kernel: (AppleAHCIPort) [AHCI][HBA][00000000] start::266:AppleAHCI::start
2025-06-20 03:05:07.416213+0100 0x2fb      Default     0x0                  0      0    3E1326CF-F9E2-3214-82A3-081100FBD733: (missing UUID) <compose failure [missing precomposed log]>
2025-06-20 03:05:07.417070+0100 0x409      Default     0x0                  0      0    kernel: (AppleAHCIPort) [AHCI][PRT][15000000] InitializePort::601:Port 0 - Hot-Plug present. Creating Hot-Plug thread.
2025-06-20 03:05:07.417094+0100 0x409      Default     0x0                  0      0    kernel: (AppleAHCIPort) [AHCI][PRT][15000000] InitializePort::689:Port 0
2025-06-20 03:05:07.417129+0100 0x409      Default     0x0                  0      0    kernel: (AppleAHCIPort) [AHCI][PRT][15000000] EnablePortOperation::3281:Enabling port 0
2025-06-20 03:05:07.417280+0100 0x3fc      Default     0x0                  0      0    3E1326CF-F9E2-3214-82A3-081100FBD733: (missing UUID) <compose failure [missing precomposed log]>
2025-06-20 03:05:07.417559+0100 0x3fc      Default     0x0                  0      0    3E1326CF-F9E2-3214-82A3-081100FBD733: (missing UUID) <compose failure [missing precomposed log]>
2025-06-20 03:05:07.417592+0100 0x3fc      Default     0x0                  0      0    3E1326CF-F9E2-3214-82A3-081100FBD733: (missing UUID) <compose failure [missing precomposed log]>
2025-06-20 03:05:07.417622+0100 0x3fc      Default     0x0                  0      0    3E1326CF-F9E2-3214-82A3-081100FBD733: (missing UUID) <compose failure [missing precomposed log]>
2025-06-20 03:05:07.417678+0100 0x3fc      Default     0x0                  0      0    kernel: (AppleAHCIPort) [AHCI][PRT][15000000] setPowerState::2937:inNewPowerState: 2
2025-06-20 03:05:07.417697+0100 0x2fb      Default     0x0                  0      0    3E1326CF-F9E2-3214-82A3-081100FBD733: (missing UUID) <compose failure [missing precomposed log]>
2025-06-20 03:05:07.417733+0100 0x2fb      Default     0x0                  0      0    3E1326CF-F9E2-3214-82A3-081100FBD733: (missing UUID) <compose failure [missing precomposed log]>
2025-06-20 03:05:07.417741+0100 0x2fb      Default     0x0                  0      0    3E1326CF-F9E2-3214-82A3-081100FBD733: (missing UUID) <compose failure [missing precomposed log]>
2025-06-20 03:05:07.417782+0100 0x3de      Default     0x0                  0      0    3E1326CF-F9E2-3214-82A3-081100FBD733: (missing UUID) <compose failure [missing precomposed log]>
2025-06-20 03:05:07.417783+0100 0x3de      Default     0x0                  0      0    kernel: (IO80211Family) family common init
2025-06-20 03:05:07.417942+0100 0x3de      Default     0x0                  0      0    kernel: (IO80211Family) AirportItlwm::init IO80211_kexts-1147.5 "IO80211_kexts-1147.5" Nov 15 2024 15:04:15
2025-06-20 03:05:07.417949+0100 0x3de      Default     0x0                  0      0    3E1326CF-F9E2-3214-82A3-081100FBD733: (missing UUID) <compose failure [missing precomposed log]>
2025-06-20 03:05:07.417961+0100 0x79       Default     0x0                  0      0    kernel: PMRD: power event 7 args 0x54c47e92e5da41a1 0x0
2025-06-20 03:05:07.417983+0100 0x79       Default     0x0                  0      0    kernel: PMRD: PowerChangeOverride (ON_STATE->ON_STATE, f, 0x302) tag 0x160064
2025-06-20 03:05:07.417993+0100 0x3f2      Default     0x0                  0      0    kernel: (watchdog) watchdog disabled by platform configuration
2025-06-20 03:05:07.417994+0100 0x79       Default     0x0                  0      0    kernel: PMRD: PowerChangeDone: ON_STATE->ON_STATE
2025-06-20 03:05:07.418072+0100 0x3f2      Default     0x0                  0      0    kernel: (AppleSMC) Previous shutdown cause: 5
2025-06-20 03:05:07.418562+0100 0x3f7      Default     0x0                  0      0    kernel: DSMOS has arrived
2025-06-20 03:05:07.418586+0100 0x3f7      Default     0x0                  0      0    kernel: (AppleACPIPlatform) Matched against SMC (started)
2025-06-20 03:05:07.418588+0100 0x3f7      Default     0x0                  0      0    kernel: (AppleACPIPlatform) Generation from SMC report as 2
2025-06-20 03:05:07.420723+0100 0x2fb      Default     0x0                  0      0    kernel: (AppleAHCIPort) [AHCI][PRT][13000000] InitializePort::601:Port 0 - Hot-Plug present. Creating Hot-Plug thread.
2025-06-20 03:05:07.420744+0100 0x2fb      Default     0x0                  0      0    kernel: (AppleAHCIPort) [AHCI][PRT][13000000] InitializePort::689:Port 0
2025-06-20 03:05:07.420785+0100 0x2fb      Default     0x0                  0      0    kernel: (AppleAHCIPort) [AHCI][PRT][13000000] EnablePortOperation::3281:Enabling port 0
2025-06-20 03:05:07.420817+0100 0x432      Default     0x0                  0      0    kernel: (AppleAHCIPort) [AHCI][PRT][13000000] setPowerState::2937:inNewPowerState: 2
2025-06-20 03:05:07.506870+0100 0x3be      Default     0x0                  0      0    3E1326CF-F9E2-3214-82A3-081100FBD733: (missing UUID) <compose failure [missing precomposed log]>
2025-06-20 03:05:07.961890+0100 0x409      Default     0x0                  0      0    kernel: (AppleAHCIPort) [AHCI][PRT][15000000] WaitForLinkPresent::4023:Port 0 PxSSTS: 0x0
2025-06-20 03:05:07.963946+0100 0x409      Default     0x0                  0      0    kernel: (AppleAHCIPort) [AHCI][PRT][15000000] EnablePortOperation::3315:Port 0 - HandleComReset
2025-06-20 03:05:07.965826+0100 0x2fb      Default     0x0                  0      0    kernel: (AppleAHCIPort) [AHCI][PRT][13000000] WaitForLinkPresent::4023:Port 0 PxSSTS: 0x0
2025-06-20 03:05:07.965832+0100 0x2fb      Default     0x0                  0      0    kernel: (AppleAHCIPort) [AHCI][PRT][13000000] EnablePortOperation::3315:Port 0 - HandleComReset
2025-06-20 03:05:08.394990+0100 0x3f7      Default     0x0                  0      0    3E1326CF-F9E2-3214-82A3-081100FBD733: (missing UUID) <compose failure [missing precomposed log]>
2025-06-20 03:05:08.395119+0100 0x3f7      Default     0x0                  0      0    3E1326CF-F9E2-3214-82A3-081100FBD733: (missing UUID) <compose failure [missing precomposed log]>
2025-06-20 03:05:08.395282+0100 0x3f7      Default     0x0                  0      0    3E1326CF-F9E2-3214-82A3-081100FBD733: (missing UUID) <compose failure [missing precomposed log]>
2025-06-20 03:05:08.397524+0100 0x3f7      Default     0x0                  0      0    3E1326CF-F9E2-3214-82A3-081100FBD733: (missing UUID) <compose failure [missing precomposed log]>
2025-06-20 03:05:08.399704+0100 0x3f7      Default     0x0                  0      0    3E1326CF-F9E2-3214-82A3-081100FBD733: (missing UUID) <compose failure [missing precomposed log]>
2025-06-20 03:05:08.401507+0100 0x3f7      Default     0x0                  0      0    3E1326CF-F9E2-3214-82A3-081100FBD733: (missing UUID) <compose failure [missing precomposed log]>
2025-06-20 03:05:08.403310+0100 0x3f7      Default     0x0                  0      0    3E1326CF-F9E2-3214-82A3-081100FBD733: (missing UUID) <compose failure [missing precomposed log]>
2025-06-20 03:05:08.403679+0100 0x3f7      Default     0x0                  0      0    3E1326CF-F9E2-3214-82A3-081100FBD733: (missing UUID) <compose failure [missing precomposed log]>
2025-06-20 03:05:08.404479+0100 0x432      Default     0x0                  0      0    kernel: (IOUSBFamily) [com.apple.usb:all] AppleUSBLegacyRoot@(null): AppleUSBLegacyRoot::init: enabling legacy matching
2025-06-20 03:05:08.404543+0100 0x432      Default     0x0                  0      0    kernel: PMRD: PowerChangeOverride (ON_STATE->ON_STATE, f, 0x2) tag 0x170064
2025-06-20 03:05:08.404545+0100 0x432      Default     0x0                  0      0    kernel: PMRD: PowerChangeDone: ON_STATE->ON_STATE
2025-06-20 03:05:08.404562+0100 0x432      Default     0x0                  0      0    kernel: PMRD: PowerChangeOverride (ON_STATE->ON_STATE, f, 0x2) tag 0x180064
2025-06-20 03:05:08.404564+0100 0x432      Default     0x0                  0      0    kernel: PMRD: PowerChangeDone: ON_STATE->ON_STATE
2025-06-20 03:05:08.405455+0100 0x3f7      Default     0x0                  0      0    3E1326CF-F9E2-3214-82A3-081100FBD733: (missing UUID) <compose failure [missing precomposed log]>
2025-06-20 03:05:08.405763+0100 0x3de      Default     0x0                  0      0    3E1326CF-F9E2-3214-82A3-081100FBD733: (missing UUID) <compose failure [missing precomposed log]>
2025-06-20 03:05:08.405767+0100 0x3de      Default     0x0                  0      0    3E1326CF-F9E2-3214-82A3-081100FBD733: (missing UUID) <compose failure [missing precomposed log]>
2025-06-20 03:05:08.405767+0100 0x3de      Default     0x0                  0      0    3E1326CF-F9E2-3214-82A3-081100FBD733: (missing UUID) <compose failure [missing precomposed log]>
2025-06-20 03:05:08.405772+0100 0x3de      Default     0x0                  0      0    3E1326CF-F9E2-3214-82A3-081100FBD733: (missing UUID) <compose failure [missing precomposed log]>
2025-06-20 03:05:08.405855+0100 0x3de      Default     0x0                  0      0    3E1326CF-F9E2-3214-82A3-081100FBD733: (missing UUID) <compose failure [missing precomposed log]>
2025-06-20 03:05:08.405856+0100 0x3de      Default     0x0                  0      0    3E1326CF-F9E2-3214-82A3-081100FBD733: (missing UUID) <compose failure [missing precomposed log]>
2025-06-20 03:05:08.407581+0100 0x409      Default     0x0                  0      0    3E1326CF-F9E2-3214-82A3-081100FBD733: (missing UUID) <compose failure [missing precomposed log]>
2025-06-20 03:05:08.407595+0100 0x79       Default     0x0                  0      0    kernel: lockdown_mode: lockdown mode in nvram is off
2025-06-20 03:05:08.407805+0100 0x432      Default     0x0                  0      0    kernel: Marking const DATA read-only
2025-06-20 03:05:08.407832+0100 0x432      Default     0x0                  0      0    kernel: Copyright (c) 1982, 1986, 1989, 1991, 1993
	The Regents of the University of California. All rights reserved.
2025-06-20 03:05:08.407844+0100 0x432      Default     0x0                  0      0    kernel: MAC Framework successfully initialized
2025-06-20 03:05:08.408000+0100 0x2fb      Default     0x0                  0      0    kernel: (AppleKeyStore) AppleKeyStore:1019:0: oy vey
2025-06-20 03:05:08.408004+0100 0x2fb      Default     0x0                  0      0    kernel: (AppleMobileFileIntegrity) AMFI: unable to obtain local signing public key from AKS: e00002bc
2025-06-20 03:05:08.408007+0100 0x2fb      Default     0x0                  0      0    kernel: (AppleMobileFileIntegrity) AMFI: developer mode is force enabled on this platform
2025-06-20 03:05:08.408020+0100 0x2fb      Default     0x0                  0      0    kernel: (AppleMobileFileIntegrity) AMFI: finished: 1 1
2025-06-20 03:05:08.409043+0100 0x432      Default     0x0                  0      0    kernel: using 16384 buffer headers and 10240 cluster IO buffer headers
2025-06-20 03:05:08.409052+0100 0x432      Default     0x0                  0      0    kernel: (AppleACPIPlatform)  found RTC service
2025-06-20 03:05:08.409071+0100 0x432      Default     0x0                  0      0    kernel: (AppleRTC) RTC: getGMTTimeOfDay 1750385107
2025-06-20 03:05:08.409077+0100 0x432      Default     0x0                  0      0    kernel: clock_initialize_calendar system does not have monotonic clock
2025-06-20 03:05:08.409423+0100 0x432      Default     0x0                  0      0    kernel: ktriage_register_subsystem_strings: set subsystem 8 strings
2025-06-20 03:05:08.409450+0100 0x432      Default     0x0                  0      0    kernel: mcache: 24 CPU(s), 64 bytes CPU cache line size
2025-06-20 03:05:08.410032+0100 0x432      Default     0x0                  0      0    kernel: mbinit: done [512 MB total pool size, (341/170) split]
2025-06-20 03:05:08.410089+0100 0x432      Default     0x0                  0      0    kernel: SK: netagent is enabled by default for this platform
2025-06-20 03:05:08.410118+0100 0x565      Default     0x0                  0      0    kernel: dlil_init: Waiting for all the create dlil kernel threads to get scheduled at least once.
2025-06-20 03:05:08.410122+0100 0x565      Default     0x0                  0      0    kernel: dlil_init: All the created dlil kernel threads have been scheduled at least once. Proceeding.
2025-06-20 03:05:08.410168+0100 0x565      Default     0x0                  0      0    kernel: igmp_init: initializing
2025-06-20 03:05:08.410179+0100 0x565      Default     0x0                  0      0    kernel: mld_init: initializing
2025-06-20 03:05:08.410544+0100 0x565      Default     0x0                  0      0    kernel: bsd_autoconf: calling kminit
2025-06-20 03:05:08.411109+0100 0x3de      Default     0x0                  0      0    kernel: (AppleFSCompressionTypeDataless) com.apple.AppleFSCompressionTypeDataless kmod start
2025-06-20 03:05:08.411196+0100 0x565      Default     0x0                  0      0    kernel: ifnet_attach: All kernel threads created for interface lo0 have been scheduled at least once. Proceeding.
2025-06-20 03:05:08.411211+0100 0x565      Default     0x0                  0      0    kernel: ifnet_attach: Waiting for all kernel threads created for interface gif0 to get scheduled at least once.
2025-06-20 03:05:08.411223+0100 0x565      Default     0x0                  0      0    kernel: ifnet_attach: All kernel threads created for interface gif0 have been scheduled at least once. Proceeding.
2025-06-20 03:05:08.411244+0100 0x565      Default     0x0                  0      0    kernel: (ALF) [com.apple.alfkext:alf] kextstart()  called
2025-06-20 03:05:08.411249+0100 0x565      Default     0x0                  0      0    kernel: (ALF) [com.apple.alfkext:alf] ALFLOG: sockwall_cntl_start(). Registering ctl_reg.
2025-06-20 03:05:08.411262+0100 0x565      Default     0x0                  0      0    kernel: skip attaching fsw to lo0 using legacy TX model
2025-06-20 03:05:08.411300+0100 0x565      Default     0x0                  0      0    kernel: ifnet_attach: Waiting for all kernel threads created for interface stf0 to get scheduled at least once.
2025-06-20 03:05:08.411308+0100 0x565      Default     0x0                  0      0    kernel: ifnet_attach: All kernel threads created for interface stf0 have been scheduled at least once. Proceeding.
2025-06-20 03:05:08.411397+0100 0x3de      Default     0x0                  0      0    kernel: (AppleFSCompressionTypeZlib) com.apple.AppleFSCompressionTypeZlib kmod start
2025-06-20 03:05:08.412905+0100 0x3de      Default     0x0                  0      0    kernel: (AppleSystemPolicy) GK status: enabled
2025-06-20 03:05:08.412906+0100 0x3de      Default     0x0                  0      0    kernel: (AppleSystemPolicy) Per file changetime scans: enabled
2025-06-20 03:05:08.413119+0100 0x3de      Default     0x0                  0      0    kernel: (AppleFSCompressionTypeDataless) com.apple.AppleFSCompressionTypeDataless load succeeded
2025-06-20 03:05:08.413131+0100 0x3de      Default     0x0                  0      0    kernel: (AppleFSCompressionTypeZlib) com.apple.AppleFSCompressionTypeZlib load succeeded
2025-06-20 03:05:08.413141+0100 0x3de      Default     0x0                  0      0    kernel: (AppleMobileFileIntegrity) Setting up notifier for CoreAnalyticsHub
2025-06-20 03:05:08.413162+0100 0x3de      Default     0x0                  0      0    kernel: calling mpo_policy_init for ASP
2025-06-20 03:05:08.413163+0100 0x3de      Default     0x0                  0      0    kernel: calling mpo_policy_initbsd for ASP
2025-06-20 03:05:08.413169+0100 0x3de      Default     0x0                  0      0    kernel: (AppleSystemPolicy) ASP: NVRAM pointer initialized
2025-06-20 03:05:08.413172+0100 0x3de      Default     0x0                  0      0    kernel: (AppleSystemPolicy) ASP: No recovery key set
2025-06-20 03:05:08.413173+0100 0x444      Default     0x0                  0      0    kernel: Security policy loaded: Apple System Policy (ASP)
2025-06-20 03:05:08.413192+0100 0x444      Default     0x0                  0      0    kernel: (AppleSystemPolicy) AppleSystemPolicy has been successfully started
2025-06-20 03:05:08.413201+0100 0x565      Default     0x0                  0      0    kernel: PMRD: PowerChangeOverride (ON_STATE->ON_STATE, f, 0x2) tag 0x190064
2025-06-20 03:05:08.413204+0100 0x565      Default     0x0                  0      0    kernel: PMRD: PowerChangeDone: ON_STATE->ON_STATE
2025-06-20 03:05:08.413224+0100 0x565      Default     0x0                  0      0    kernel: PMRD: PowerChangeOverride (ON_STATE->ON_STATE, f, 0x2) tag 0x1a0064
2025-06-20 03:05:08.413225+0100 0x565      Default     0x0                  0      0    kernel: PMRD: PowerChangeDone: ON_STATE->ON_STATE
2025-06-20 03:05:08.413267+0100 0x565      Default     0x0                  0      0    kernel: PMRD: power event 7 args 0x54c47e92e5da4b01 0x0
2025-06-20 03:05:08.413271+0100 0x565      Default     0x0                  0      0    kernel: PMRD: PowerChangeOverride (ON_STATE->ON_STATE, f, 0x302) tag 0x1b0064
2025-06-20 03:05:08.413277+0100 0x565      Default     0x0                  0      0    kernel: PMRD: PowerChangeDone: ON_STATE->ON_STATE
2025-06-20 03:05:08.413297+0100 0x565      Default     0x0                  0      0    kernel: PMRD: power event 7 args 0x54c47e92e5da4921 0x0
2025-06-20 03:05:08.413300+0100 0x565      Default     0x0                  0      0    kernel: PMRD: PowerChangeOverride (ON_STATE->ON_STATE, f, 0x302) tag 0x1c0064
2025-06-20 03:05:08.413308+0100 0x565      Default     0x0                  0      0    kernel: PMRD: PowerChangeDone: ON_STATE->ON_STATE
2025-06-20 03:05:08.413526+0100 0x79       Default     0x0                  0      0    kernel: (IOSurface) IOSurfaceRoot::installMemoryRegions()
2025-06-20 03:05:08.413530+0100 0x444      Default     0x0                  0      0    kernel: (IOSurface) IOSurface allowing global lookups (with warnings)
2025-06-20 03:05:08.413545+0100 0x444      Default     0x0                  0      0    kernel: (apfs) apfs_sysctl_register:1407: done registering sysctls.
2025-06-20 03:05:08.413964+0100 0x444      Default     0x0                  0      0    3E1326CF-F9E2-3214-82A3-081100FBD733: (missing UUID) <compose failure [missing precomposed log]>
2025-06-20 03:05:08.413967+0100 0x444      Default     0x0                  0      0    kernel: (IO80211Family) controller common start
2025-06-20 03:05:08.413968+0100 0x565      Default     0x0                  0      0    kernel: rooting via boot-uuid from /chosen: 0E63F27B-C250-4597-B06E-354AF9D2B02D
2025-06-20 03:05:08.413972+0100 0x444      Default     0x0                  0      0    3E1326CF-F9E2-3214-82A3-081100FBD733: (missing UUID) <compose failure [missing precomposed log]>
2025-06-20 03:05:08.414006+0100 0x5a2      Default     0x0                  0      0    kernel: Waiting on <dict ID="0"><key>IOProviderClass</key><string ID="1">IOResources</string><key>IOResourceMatch</key><array ID="2"><string ID="3">IOBSD</string><string ID="4">boot-uuid-media</string></array></dict>
2025-06-20 03:05:08.414010+0100 0x444      Default     0x0                  0      0    kernel: (IO80211Family) IO80211Controller::createIOReporters 0xcde637ae09c68fb3
2025-06-20 03:05:08.414961+0100 0x2fb      Default     0x0                  0      0    kernel: PMRD: PowerChangeOverride (ON_STATE->ON_STATE, f, 0x2) tag 0x1d0064
2025-06-20 03:05:08.414964+0100 0x2fb      Default     0x0                  0      0    kernel: PMRD: PowerChangeDone: ON_STATE->ON_STATE
2025-06-20 03:05:08.415054+0100 0x3fc      Default     0x0                  0      0    kernel: (AppleFileSystemDriver) AppleFileSystemDriver: using apfs-preboot-uuid
2025-06-20 03:05:08.415284+0100 0x2fb      Default     0x0                  0      0    kernel: PMRD: PowerChangeOverride (ON_STATE->ON_STATE, f, 0x2) tag 0x1e0064
2025-06-20 03:05:08.415287+0100 0x2fb      Default     0x0                  0      0    kernel: PMRD: PowerChangeDone: ON_STATE->ON_STATE
2025-06-20 03:05:08.415349+0100 0x444      Default     0x0                  0      0    kernel: (apfs) cryptoAlloc:652: Using 64 buffers with size 16384, 512 buffers size 65536
2025-06-20 03:05:08.415498+0100 0x2fb      Default     0x0                  0      0    kernel: PMRD: power event 7 args 0x54c47e92e5db67e1 0x0
2025-06-20 03:05:08.415502+0100 0x2fb      Default     0x0                  0      0    kernel: PMRD: PowerChangeOverride (ON_STATE->ON_STATE, f, 0x302) tag 0x1f0064
2025-06-20 03:05:08.415510+0100 0x2fb      Default     0x0                  0      0    kernel: PMRD: PowerChangeDone: ON_STATE->ON_STATE
2025-06-20 03:05:08.415567+0100 0x2fb      Default     0x0                  0      0    kernel: PMRD: power event 7 args 0x54c47e92e5db6a61 0x0
2025-06-20 03:05:08.415569+0100 0x2fb      Default     0x0                  0      0    kernel: PMRD: PowerChangeOverride (ON_STATE->ON_STATE, f, 0x302) tag 0x200064
2025-06-20 03:05:08.415576+0100 0x2fb      Default     0x0                  0      0    kernel: PMRD: PowerChangeDone: ON_STATE->ON_STATE
2025-06-20 03:05:08.415632+0100 0x3e2      Default     0x0                  0      0    kernel: (IO80211Family) IO80211 LQM Logging configure: 3
2025-06-20 03:05:08.415635+0100 0x3e2      Default     0x0                  0      0    kernel: (corecapture) CCPipe::withOwnerNameCapacity pipeOwner com.apple.iokit.IO80211Family pipeName ControlPath
2025-06-20 03:05:08.415690+0100 0x3e2      Default     0x0                  0      0    kernel: (corecapture) CCLogPipe::createReportersAndLegend() Done Creating Legend for owner: com.apple.iokit.IO80211Family pipe ControlPath
2025-06-20 03:05:08.415691+0100 0x3e2      Default     0x0                  0      0    kernel: (corecapture) CCLogPipe::initWithOwnerNameCapacity() IOReporters setup for ControlPath
2025-06-20 03:05:08.415718+0100 0x3e2      Default     0x0                  0      0    kernel: (corecapture) Created CCLogPipe (Owner: com.apple.iokit.IO80211Family - Name: ControlPath)
2025-06-20 03:05:08.415719+0100 0x3e2      Default     0x0                  0      0    kernel: (corecapture) withOwnerNameCapacity:157 Pipe Owner:com.apple.iokit.IO80211Family Name:ControlPath LogIdentifier:ControlPath
2025-06-20 03:05:08.415738+0100 0x3e2      Default     0x0                  0      0    kernel: (corecapture) CCLogStream::createReportSet() fCoreCaptureReporter 0x1e1fe3ccd14c295
2025-06-20 03:05:08.415739+0100 0x3e2      Default     0x0                  0      0    kernel: (corecapture) CCLogStream::createReportersAndLegend() streamName IO80211 IOCTL Stream
2025-06-20 03:05:08.415770+0100 0x3e2      Default     0x0                  0      0    kernel: (corecapture) Created CCLogStream (Name: IO80211 IOCTL Stream)
2025-06-20 03:05:08.415771+0100 0x3e2      Default     0x0                  0      0    kernel: (IO80211Family)  CCFlags: 0x3, CCLevel: 5 ConsoleFlags: 0x0, ConsoleLevel: -1
2025-06-20 03:05:08.415781+0100 0x3e2      Default     0x0                  0      0    kernel: (corecapture) CCLogStream::createReportSet() fCoreCaptureReporter 0x65c79c4033bcbfd2
2025-06-20 03:05:08.415782+0100 0x3e2      Default     0x0                  0      0    kernel: (corecapture) CCLogStream::createReportersAndLegend() streamName IO80211 Event Stream
2025-06-20 03:05:08.415805+0100 0x3e2      Default     0x0                  0      0    kernel: (corecapture) Created CCLogStream (Name: IO80211 Event Stream)
2025-06-20 03:05:08.415806+0100 0x3e2      Default     0x0                  0      0    kernel: (IO80211Family)  CCFlags: 0x4, CCLevel: 5 ConsoleFlags: 0x0, ConsoleLevel: -1
2025-06-20 03:05:08.415827+0100 0x3e2      Default     0x0                  0      0    kernel: (corecapture) CCPipe::withOwnerNameCapacity pipeOwner com.apple.iokit.IO80211Family pipeName LQMLogging
2025-06-20 03:05:08.415850+0100 0x3e2      Default     0x0                  0      0    kernel: (corecapture) CCLogPipe::createReportersAndLegend() Done Creating Legend for owner: com.apple.iokit.IO80211Family pipe LQMLogging
2025-06-20 03:05:08.415851+0100 0x3e2      Default     0x0                  0      0    kernel: (corecapture) CCLogPipe::initWithOwnerNameCapacity() IOReporters setup for LQMLogging
2025-06-20 03:05:08.415881+0100 0x3e2      Default     0x0                  0      0    kernel: (corecapture) Created CCLogPipe (Owner: com.apple.iokit.IO80211Family - Name: LQMLogging)
2025-06-20 03:05:08.415882+0100 0x3e2      Default     0x0                  0      0    kernel: (corecapture) withOwnerNameCapacity:157 Pipe Owner:com.apple.iokit.IO80211Family Name:LQMLogging LogIdentifier:LQMLogging
2025-06-20 03:05:08.415898+0100 0x3e2      Default     0x0                  0      0    kernel: (corecapture) CCLogStream::createReportSet() fCoreCaptureReporter 0xf06ad0e193907df2
2025-06-20 03:05:08.415899+0100 0x3e2      Default     0x0                  0      0    kernel: (corecapture) CCLogStream::createReportersAndLegend() streamName LQMLogging
2025-06-20 03:05:08.415963+0100 0x2fb      Default     0x0                  0      0    kernel: PMRD: power event 7 args 0x54c47e92e5db76e1 0x0
2025-06-20 03:05:08.415964+0100 0x3e2      Default     0x0                  0      0    kernel: (corecapture) Created CCLogStream (Name: LQMLogging)
2025-06-20 03:05:08.415966+0100 0x2fb      Default     0x0                  0      0    kernel: PMRD: PowerChangeOverride (ON_STATE->ON_STATE, f, 0x302) tag 0x210064
2025-06-20 03:05:08.415973+0100 0x2fb      Default     0x0                  0      0    kernel: PMRD: PowerChangeDone: ON_STATE->ON_STATE
2025-06-20 03:05:08.415979+0100 0x3e2      Default     0x0                  0      0    kernel: (IO80211Family) IO80211Controller::findAndAttachToFaultReporter no pipe found, making it
2025-06-20 03:05:08.415981+0100 0x3e2      Default     0x0                  0      0    kernel: (corecapture) CCPipe::withOwnerNameCapacity pipeOwner com.apple.iokit.IO80211Family pipeName StateSnapshots
2025-06-20 03:05:08.416016+0100 0x3e2      Default     0x0                  0      0    kernel: (corecapture) CCDataPipe::createReportersAndLegend() Done Creating Legend for owner: com.apple.iokit.IO80211Family pipe StateSnapshots
2025-06-20 03:05:08.416017+0100 0x3e2      Default     0x0                  0      0    kernel: (corecapture) CCDataPipe::initWithOwnerNameCapacity() IOReporters setup for StateSnapshots
2025-06-20 03:05:08.416023+0100 0x3e2      Default     0x0                  0      0    kernel: (corecapture) Created CCDataPipe (Owner: com.apple.iokit.IO80211Family - Name: StateSnapshots)
2025-06-20 03:05:08.416024+0100 0x3e2      Default     0x0                  0      0    kernel: (corecapture) withOwnerNameCapacity:157 Pipe Owner:com.apple.iokit.IO80211Family Name:StateSnapshots LogIdentifier:StateSnapshots
2025-06-20 03:05:08.416038+0100 0x3e2      Default     0x0                  0      0    kernel: (corecapture) CCDataStream::createReportSet() fCoreCaptureReporter 0xc00f191119e21bd8
2025-06-20 03:05:08.416039+0100 0x3e2      Default     0x0                  0      0    kernel: (corecapture) CCDataStream::createReportersAndLegend() streamName FaultReporter
2025-06-20 03:05:08.416054+0100 0x2fb      Default     0x0                  0      0    kernel: PMRD: power event 7 args 0x54c47e92e5dafd41 0x0
2025-06-20 03:05:08.416057+0100 0x2fb      Default     0x0                  0      0    kernel: PMRD: PowerChangeOverride (ON_STATE->ON_STATE, f, 0x302) tag 0x220064
2025-06-20 03:05:08.416061+0100 0x2fb      Default     0x0                  0      0    kernel: PMRD: PowerChangeDone: ON_STATE->ON_STATE
2025-06-20 03:05:08.416081+0100 0x3e2      Default     0x0                  0      0    kernel: (corecapture) Created CCDataStream (Name: FaultReporter)
2025-06-20 03:05:08.416112+0100 0x3e2      Default     0x0                  0      0    kernel: (IO80211Family) IO80211Controller::start _controller is 0xcde637ae09c68fb3, provider is 0xa1e9dd4c0049f66a
2025-06-20 03:05:08.416115+0100 0x3e2      Default     0x0                  0      0    kernel: (IO80211Family) controller common start done
2025-06-20 03:05:08.416133+0100 0x3e2      Default     0x0                  0      0    kernel: EP00::requestPowerDomainState
2025-06-20 03:05:08.417158+0100 0x3f2      Default     0x0                  0      0    kernel: (apfs) swcrypto_threadpool_init:1531: Starting ThreadPool
2025-06-20 03:05:08.417161+0100 0x3f2      Default     0x0                  0      0    kernel: (apfs) swcrypto_threadpool_init:1553: 4 threads would be used for the ThreadPool
2025-06-20 03:05:08.417179+0100 0x3f2      Default     0x0                  0      0    kernel: (apfs) specread_work_queue_init:155: number of threads used for specread work queue 3
2025-06-20 03:05:08.417241+0100 0x3f2      Default     0x0                  0      0    kernel: (apfs) dev_init:303: disk1s6 device accelerated crypto: 0 (compiled @ Nov 15 2024 15:08:18)
2025-06-20 03:05:08.417242+0100 0x3f2      Default     0x0                  0      0    kernel: (apfs) dev_init:306: disk1s6 device_handle block size 4096 block count 102413745 features 0 internal
2025-06-20 03:05:08.417297+0100 0x3e2      Default     0x0                  0      0    kernel: (apfs) fletcher64_init:88: Selecting SSE2 implementation of fletcher64
2025-06-20 03:05:08.417301+0100 0x3e2      Default     0x0                  0      0    kernel: (apfs) nx_mount:1275: disk1s6 initializing cache w/hash_size 8192 and cache size 32768
2025-06-20 03:05:08.417391+0100 0x444      Default     0x0                  0      0    kernel: PMRD: power event 7 args 0x54c47e92e5daff21 0x0
2025-06-20 03:05:08.417394+0100 0x444      Default     0x0                  0      0    kernel: PMRD: PowerChangeOverride (ON_STATE->ON_STATE, f, 0x302) tag 0x230064
2025-06-20 03:05:08.417398+0100 0x444      Default     0x0                  0      0    kernel: PMRD: PowerChangeDone: ON_STATE->ON_STATE
2025-06-20 03:05:08.423743+0100 0x3f7      Default     0x0                  0      0    kernel: (apfs) nx_mount:1617: disk1s6 checkpoint search: largest xid 2185918, best xid 2185918 @ 65
2025-06-20 03:05:08.423748+0100 0x3f7      Default     0x0                  0      0    kernel: (apfs) nx_mount:1644: disk1s6 stable checkpoint indices: desc 64 data 5753
2025-06-20 03:05:08.423772+0100 0x3f7      Default     0x0                  0      0    kernel: (apfs) nx_get_volume_group:669: disk1s6 volume groups tree is not setup yet
2025-06-20 03:05:08.423774+0100 0x3f7      Default     0x0                  0      0    kernel: (apfs) getVolumeGroupMountFrom:9357: disk1s6 nx_get_volume_group(0E63F27B-C250-4597-B06E-354AF9D2B02D) failed with error 2
2025-06-20 03:05:08.424068+0100 0x3f7      Default     0x0                  0      0    kernel: (apfs) nx_get_volume_group:669: disk1s6 volume groups tree is not setup yet
2025-06-20 03:05:08.424069+0100 0x3f7      Default     0x0                  0      0    kernel: (apfs) getVolumeGroupMountFrom:9357: disk1s6 nx_get_volume_group(0E63F27B-C250-4597-B06E-354AF9D2B02D) failed with error 2
2025-06-20 03:05:08.424203+0100 0x3f7      Default     0x0                  0      0    kernel: (apfs) authenticate_efi_forwarded_roothash:3427: evaluating authenticity of root hash
2025-06-20 03:05:08.424205+0100 0x3f7      Default     0x0                  0      0    kernel: IOGetARVRootHashData: data at address 412524544 size 229
2025-06-20 03:05:08.424206+0100 0x3f7      Default     0x0                  0      0    kernel: IOGetARVRootHashData: memory descriptor <private>
2025-06-20 03:05:08.424216+0100 0x3f7      Default     0x0                  0      0    kernel: (apfs) populate_value_from_memory_descriptor:13195:  populate_value_from_memory_descriptor boot_args arv blob size 229
2025-06-20 03:05:08.424217+0100 0x3f7      Default     0x0                  0      0    kernel: (apfs) populate_value_from_memory_descriptor:13202: populate_value_from_memory_descriptor copied into arv blob size 229
2025-06-20 03:05:08.424224+0100 0x3fc      Default     0x0                  0      0    kernel: IOGetARVManifestData: data at address 412528640 size 3658
2025-06-20 03:05:08.424225+0100 0x3fc      Default     0x0                  0      0    kernel: IOGetARVManifestData: memory descriptor <private>
2025-06-20 03:05:08.424229+0100 0x3fc      Default     0x0                  0      0    kernel: (apfs) populate_value_from_memory_descriptor:13195:  populate_value_from_memory_descriptor boot_args arv blob size 3658
2025-06-20 03:05:08.424231+0100 0x3fc      Default     0x0                  0      0    kernel: (apfs) populate_value_from_memory_descriptor:13202: populate_value_from_memory_descriptor copied into arv blob size 3658
2025-06-20 03:05:08.424464+0100 0x3fc      Default     0x0                  0      0    kernel: (apfs) root_hash_execution_cb:2982: img4_firmware_execute: successfully validated the payload and the manifest
2025-06-20 03:05:08.424835+0100 0x5a2      Default     0x0                  0      0    kernel: (AppleFileSystemDriver) AppleFileSystemDriver: publishing boot-uuid-media=disk2s1 (macOS-Sonoma)
2025-06-20 03:05:08.425284+0100 0x5a2      Default     0x0                  0      0    kernel: Got boot device = IOService:/AppleACPIPlatformExpert/PCI0@0/AppleACPIPCI/GPP8@2,2/IOPP/pci2646,5013@0/IONVMeController/IONVMeBlockStorageDevice@1/IOBlockStorageDriver/KINGSTON SFYRS1000G Media/IOGUIDPartitionScheme/Basic data partition@6/AppleAPFSContainerScheme/AppleAPFSMedia/AppleAPFSContainer/macOS-Sonoma@1
2025-06-20 03:05:08.425288+0100 0x5a2      Default     0x0                  0      0    kernel: BSD root: disk2s1
2025-06-20 03:05:08.425289+0100 0x5a2      Default     0x0                  0      0    kernel: , major 1, minor 10
2025-06-20 03:05:08.425430+0100 0x5a2      Default     0x0                  0      0    kernel: spec_open : si_devbsdunit initialized to (1), throttle_mask is (0x6), isssd is (1)
2025-06-20 03:05:08.425443+0100 0x5a2      Default     0x0                  0      0    kernel: (apfs) bufattr_get_apfs:8739: Volume not mounted
2025-06-20 03:05:08.425446+0100 0x5a2      Default     0x0                  0      0    kernel: (IOStorageFamily) disk2s1: device is not readable.
2025-06-20 03:05:08.425447+0100 0x5a2      Default     0x0                  0      0    kernel: (HFS) hfs_mountfs: buf_meta_bread failed with 13
2025-06-20 03:05:08.425450+0100 0x5a2      Default     0x0                  0      0    kernel: (HFS) hfs_mount: hfs_mountfs returned error=13 for device unknown-dev
2025-06-20 03:05:08.425453+0100 0x5a2      Default     0x0                  0      0    kernel: hfs_mountroot failed: 13
2025-06-20 03:05:08.425455+0100 0x5a2      Default     0x0                  0      0    kernel: (apfs) apfs_vfsop_mountroot:2965: apfs: mountroot called!
2025-06-20 03:05:08.425495+0100 0x5a2      Default     0x0                  0      0    kernel: spec_open : si_devbsdunit initialized to (1), throttle_mask is (0x6), isssd is (1)
2025-06-20 03:05:08.425553+0100 0x5a2      Default     0x0                  0      0    kernel: (apfs) dev_init:303: disk2 device accelerated crypto: 0 (compiled @ Nov 15 2024 15:08:18)
2025-06-20 03:05:08.425555+0100 0x5a2      Default     0x0                  0      0    kernel: (apfs) dev_init:306: disk2 device_handle block size 4096 block count 102413745 features 16 internal solidstate
2025-06-20 03:05:08.425624+0100 0x5a2      Default     0x0                  0      0    kernel: (apfs) nx_mount:1275: disk2 initializing cache w/hash_size 16384 and cache size 40960
2025-06-20 03:05:08.427169+0100 0x3e2      Default     0x0                  0      0    3E1326CF-F9E2-3214-82A3-081100FBD733: (missing UUID) <compose failure [missing precomposed log]>
2025-06-20 03:05:08.427174+0100 0x3e2      Default     0x0                  0      0    3E1326CF-F9E2-3214-82A3-081100FBD733: (missing UUID) <compose failure [missing precomposed log]>
2025-06-20 03:05:08.430886+0100 0x3e2      Default     0x0                  0      0    3E1326CF-F9E2-3214-82A3-081100FBD733: (missing UUID) <compose failure [missing precomposed log]>
2025-06-20 03:05:08.430887+0100 0x3e2      Default     0x0                  0      0    3E1326CF-F9E2-3214-82A3-081100FBD733: (missing UUID) <compose failure [missing precomposed log]>
2025-06-20 03:05:08.430888+0100 0x3e2      Default     0x0                  0      0    3E1326CF-F9E2-3214-82A3-081100FBD733: (missing UUID) <compose failure [missing precomposed log]>
2025-06-20 03:05:08.430888+0100 0x79       Default     0x0                  0      0    3E1326CF-F9E2-3214-82A3-081100FBD733: (missing UUID) <compose failure [missing precomposed log]>
2025-06-20 03:05:08.430891+0100 0x3e2      Default     0x0                  0      0    3E1326CF-F9E2-3214-82A3-081100FBD733: (missing UUID) <compose failure [missing precomposed log]>
2025-06-20 03:05:08.430891+0100 0x79       Default     0x0                  0      0    3E1326CF-F9E2-3214-82A3-081100FBD733: (missing UUID) <compose failure [missing precomposed log]>
2025-06-20 03:05:08.430893+0100 0x3e2      Default     0x0                  0      0    3E1326CF-F9E2-3214-82A3-081100FBD733: (missing UUID) <compose failure [missing precomposed log]>
2025-06-20 03:05:08.430894+0100 0x3e2      Default     0x0                  0      0    3E1326CF-F9E2-3214-82A3-081100FBD733: (missing UUID) <compose failure [missing precomposed log]>
2025-06-20 03:05:08.430895+0100 0x3e2      Default     0x0                  0      0    3E1326CF-F9E2-3214-82A3-081100FBD733: (missing UUID) <compose failure [missing precomposed log]>
2025-06-20 03:05:08.430895+0100 0x444      Default     0x0                  0      0    3E1326CF-F9E2-3214-82A3-081100FBD733: (missing UUID) <compose failure [missing precomposed log]>
2025-06-20 03:05:08.430897+0100 0x3e2      Default     0x0                  0      0    3E1326CF-F9E2-3214-82A3-081100FBD733: (missing UUID) <compose failure [missing precomposed log]>
2025-06-20 03:05:08.430899+0100 0x79       Default     0x0                  0      0    3E1326CF-F9E2-3214-82A3-081100FBD733: (missing UUID) <compose failure [missing precomposed log]>
2025-06-20 03:05:08.430900+0100 0x79       Default     0x0                  0      0    3E1326CF-F9E2-3214-82A3-081100FBD733: (missing UUID) <compose failure [missing precomposed log]>
2025-06-20 03:05:08.430901+0100 0x3e2      Default     0x0                  0      0    3E1326CF-F9E2-3214-82A3-081100FBD733: (missing UUID) <compose failure [missing precomposed log]>
2025-06-20 03:05:08.430938+0100 0x3e2      Default     0x0                  0      0    3E1326CF-F9E2-3214-82A3-081100FBD733: (missing UUID) <compose failure [missing precomposed log]>
2025-06-20 03:05:08.430939+0100 0x3e5      Default     0x0                  0      0    3E1326CF-F9E2-3214-82A3-081100FBD733: (missing UUID) <compose failure [missing precomposed log]>
2025-06-20 03:05:08.430946+0100 0x3e5      Default     0x0                  0      0    3E1326CF-F9E2-3214-82A3-081100FBD733: (missing UUID) <compose failure [missing precomposed log]>
2025-06-20 03:05:08.430946+0100 0x3e5      Default     0x0                  0      0    3E1326CF-F9E2-3214-82A3-081100FBD733: (missing UUID) <compose failure [missing precomposed log]>
2025-06-20 03:05:08.430947+0100 0x3e5      Default     0x0                  0      0    3E1326CF-F9E2-3214-82A3-081100FBD733: (missing UUID) <compose failure [missing precomposed log]>
2025-06-20 03:05:08.434567+0100 0x5a2      Default     0x0                  0      0    kernel: (apfs) nx_mount:1617: disk2 checkpoint search: largest xid 2185918, best xid 2185918 @ 65
2025-06-20 03:05:08.434570+0100 0x5a2      Default     0x0                  0      0    kernel: (apfs) nx_mount:1644: disk2 stable checkpoint indices: desc 64 data 5753
2025-06-20 03:05:08.434983+0100 0x5a2      Default     0x0                  0      0    kernel: (apfs) er_state_obj_get_for_recovery:8309: disk2s1 No ER state object for volume macOS-Sonoma - rolling is not happening, nothing to recover.
2025-06-20 03:05:08.434985+0100 0x5a2      Default     0x0                  0      0    kernel: (apfs) apfs_vfsop_mount:2675: disk2 Promoter has been locked
2025-06-20 03:05:08.435055+0100 0x5a2      Default     0x0                  0      0    kernel: (apfs) apfs_vfsop_mount:2744: disk2s1 Rooting from snapshot with xid 32485.
2025-06-20 03:05:08.435057+0100 0x5a2      Default     0x0                  0      0    kernel: (apfs) apfs_log_op_with_proc:3091: disk2s1 mounting volume macOS-Sonoma, requested by: kernel_task (pid 0); parent: kernel_task (pid 0)
2025-06-20 03:05:08.435079+0100 0x5a2      Default     0x0                  0      0    kernel: (apfs) handle_snapshot_mount:1144: disk2s1 mounting snapshot w/snap_xid 32485 and sblock oid 0xcf056
2025-06-20 03:05:08.435345+0100 0x5a2      Default     0x0                  0      0    kernel: (apfs) nx_get_volume_group:669: disk2 volume groups tree is not setup yet
2025-06-20 03:05:08.435346+0100 0x61b      Default     0x0                  0      0    kernel: (apfs) getVolumeGroupMountFrom:9357: disk2 nx_get_volume_group(0E63F27B-C250-4597-B06E-354AF9D2B02D) failed with error 2
2025-06-20 03:05:08.435540+0100 0x61b      Default     0x0                  0      0    kernel: spec_open : si_devbsdunit initialized to (1), throttle_mask is (0x6), isssd is (1)
2025-06-20 03:05:08.435542+0100 0x61b      Default     0x0                  0      0    kernel: (apfs) is_root_hash_authentication_required_osx:387: disk2s1 Release kext with internal build: 0, ARV disabled: 0, booting xid: 0
2025-06-20 03:05:08.435544+0100 0x61b      Default     0x0                  0      0    kernel: (apfs) is_root_hash_authentication_required:555: disk2s1 Root Volume, root hash authentication is required
2025-06-20 03:05:08.435546+0100 0x61b      Default     0x0                  0      0    kernel: (apfs) authenticate_root_hash:637: disk2s1 successfully validated on-disk root hash
2025-06-20 03:05:08.435547+0100 0x61b      Default     0x0                  0      0    kernel: (apfs) handle_snapshot_mount:1327: disk2s1 setting dev block size to 4096 from 512
2025-06-20 03:05:08.435550+0100 0x61b      Default     0x0                  0      0    kernel: (apfs) handle_mount:817: disk2s1 vol-uuid: 9DB4F2A0-14C1-43EF-BCDA-36334D8F7C2C block size: 4096 block count: 102413745 (unencrypted; flags: 0x201; features: 21.0.12)
2025-06-20 03:05:08.436226+0100 0x61b      Default     0x0                  0      0    kernel: (apfs) handle_mount:887: disk2s1 ROSV: apfs mounted RO and is the system volume of a volume group and mounted as the root fs: creating the shadow fs_root
2025-06-20 03:05:08.436229+0100 0x61b      Default     0x0                  0      0    kernel: (apfs) fs_setup_shadow_fs_root_tree:3425: disk2s1 Created the shadow_fs_root tree <private>
2025-06-20 03:05:08.436246+0100 0x61b      Default     0x0                  0      0    kernel: (apfs) nx_volume_group_update:794: disk2s1 Set volume (role 0x1) to 2d60e xid 7ee5
2025-06-20 03:05:08.436273+0100 0x61b      Default     0x0                  0      0    kernel: (apfs) apfs_log_op_with_proc:3091: disk2s1 mount-complete volume macOS-Sonoma, requested by: kernel_task (pid 0); parent: kernel_task (pid 0)
2025-06-20 03:05:08.436342+0100 0x61b      Default     0x0                  0      0    kernel: ioqueue_depth = 256,   ioscale = 8
2025-06-20 03:05:08.436343+0100 0x3e5      Default     0x0                  0      0    3E1326CF-F9E2-3214-82A3-081100FBD733: (missing UUID) <compose failure [missing precomposed log]>
2025-06-20 03:05:08.436774+0100 0x3e5      Default     0x0                  0      0    3E1326CF-F9E2-3214-82A3-081100FBD733: (missing UUID) <compose failure [missing precomposed log]>
2025-06-20 03:05:08.436776+0100 0x3e5      Default     0x0                  0      0    3E1326CF-F9E2-3214-82A3-081100FBD733: (missing UUID) <compose failure [missing precomposed log]>
2025-06-20 03:05:08.436777+0100 0x3e5      Default     0x0                  0      0    3E1326CF-F9E2-3214-82A3-081100FBD733: (missing UUID) <compose failure [missing precomposed log]>
2025-06-20 03:05:08.437519+0100 0x444      Default     0x0                  0      0    kernel: load_init_program: attempting to load /sbin/launchd
2025-06-20 03:05:08.437525+0100 0x61b      Default     0x0                  0      0    kernel: (BootCache) BootCache: Root disk is an SSD, not caching
2025-06-20 03:05:08.440115+0100 0x3e5      Default     0x0                  0      0    3E1326CF-F9E2-3214-82A3-081100FBD733: (missing UUID) <compose failure [missing precomposed log]>
2025-06-20 03:05:08.440117+0100 0x3e5      Default     0x0                  0      0    3E1326CF-F9E2-3214-82A3-081100FBD733: (missing UUID) <compose failure [missing precomposed log]>
2025-06-20 03:05:08.440123+0100 0x3e5      Default     0x0                  0      0    3E1326CF-F9E2-3214-82A3-081100FBD733: (missing UUID) <compose failure [missing precomposed log]>
2025-06-20 03:05:08.440124+0100 0x3e5      Default     0x0                  0      0    3E1326CF-F9E2-3214-82A3-081100FBD733: (missing UUID) <compose failure [missing precomposed log]>
2025-06-20 03:05:08.440173+0100 0x3e5      Default     0x0                  0      0    3E1326CF-F9E2-3214-82A3-081100FBD733: (missing UUID) <compose failure [missing precomposed log]>
2025-06-20 03:05:08.440174+0100 0x3e5      Default     0x0                  0      0    3E1326CF-F9E2-3214-82A3-081100FBD733: (missing UUID) <compose failure [missing precomposed log]>
2025-06-20 03:05:08.440174+0100 0x3e5      Default     0x0                  0      0    3E1326CF-F9E2-3214-82A3-081100FBD733: (missing UUID) <compose failure [missing precomposed log]>
2025-06-20 03:05:08.440204+0100 0x3e5      Default     0x0                  0      0    3E1326CF-F9E2-3214-82A3-081100FBD733: (missing UUID) <compose failure [missing precomposed log]>
2025-06-20 03:05:08.440211+0100 0x3e5      Default     0x0                  0      0    3E1326CF-F9E2-3214-82A3-081100FBD733: (missing UUID) <compose failure [missing precomposed log]>
2025-06-20 03:05:08.440214+0100 0x3e5      Default     0x0                  0      0    3E1326CF-F9E2-3214-82A3-081100FBD733: (missing UUID) <compose failure [missing precomposed log]>
2025-06-20 03:05:08.440215+0100 0x3e5      Default     0x0                  0      0    3E1326CF-F9E2-3214-82A3-081100FBD733: (missing UUID) <compose failure [missing precomposed log]>
2025-06-20 03:05:08.441359+0100 0x3e5      Default     0x0                  0      0    3E1326CF-F9E2-3214-82A3-081100FBD733: (missing UUID) <compose failure [missing precomposed log]>
2025-06-20 03:05:08.445435+0100 0x2fb      Default     0x0                  0      0    kernel: (Sandbox) system_is_base_system: 0
2025-06-20 03:05:08.448465+0100 0x79       Default     0x0                  0      0    kernel: shared_region: 0x54c47e8e1a236d19 [1(launchd)] check_np(0x7ff7b9811d10) vm_shared_region_start_address() failed
2025-06-20 03:05:08.449970+0100 0x79       Default     0x0                  0      0    kernel: spec_open : si_devbsdunit initialized to (1), throttle_mask is (0x6), isssd is (1)
2025-06-20 03:05:08.450002+0100 0x79       Default     0x0                  0      0    kernel: (apfs) spaceman_metazone_init:173: disk2 metazone for device 0 of size 1426517 blocks (encrypted: 0-713258 unencrypted: 713258-1426517)
2025-06-20 03:05:08.450004+0100 0x79       Default     0x0                  0      0    kernel: (apfs) spaceman_datazone_init:611: disk2 allocation zone on dev 0 for allocations of 1 blocks starting at paddr 40042496
2025-06-20 03:05:08.450006+0100 0x79       Default     0x0                  0      0    kernel: (apfs) spaceman_datazone_init:611: disk2 allocation zone on dev 0 for allocations of 2 blocks starting at paddr 4521984
2025-06-20 03:05:08.450008+0100 0x79       Default     0x0                  0      0    kernel: (apfs) spaceman_datazone_init:611: disk2 allocation zone on dev 0 for allocations of 3 blocks starting at paddr 51314688
2025-06-20 03:05:08.450009+0100 0x79       Default     0x0                  0      0    kernel: (apfs) spaceman_datazone_init:611: disk2 allocation zone on dev 0 for allocations of 4 blocks starting at paddr 4554752
2025-06-20 03:05:08.450379+0100 0x79       Default     0x0                  0      0    kernel: (apfs) er_state_obj_get_for_recovery:8309: disk2s2 No ER state object for volume Preboot - rolling is not happening, nothing to recover.
2025-06-20 03:05:08.450381+0100 0x79       Default     0x0                  0      0    kernel: (apfs) apfs_log_op_with_proc:3091: disk2s2 mounting volume Preboot, requested by: launchd (pid 1); parent: kernel_task (pid 0)
2025-06-20 03:05:08.450399+0100 0x79       Default     0x0                  0      0    kernel: (apfs) handle_mount:817: disk2s2 vol-uuid: 8C65794B-5CB4-452A-B991-9FB8F2B90A76 block size: 4096 block count: 102413745 (unencrypted; flags: 0x1; features: 1.0.2)
2025-06-20 03:05:08.450643+0100 0x79       Default     0x0                  0      0    kernel: (apfs) handle_mount:830: disk2s2 setting dev block size to 4096 from 512
2025-06-20 03:05:08.450645+0100 0x79       Default     0x0                  0      0    kernel: (apfs) nx_volume_group_update:704: disk2s2 Volume Preboot role 0x10 is not a System or Data volume
2025-06-20 03:05:08.450653+0100 0x79       Default     0x0                  0      0    kernel: (apfs) apfs_should_be_system_mount:673: disk2s2 volume with role 16 will be mounted until system shutdown
2025-06-20 03:05:08.450656+0100 0x79       Default     0x0                  0      0    kernel: (apfs) apfs_log_op_with_proc:3091: disk2s2 mount-complete volume Preboot, requested by: launchd (pid 1); parent: kernel_task (pid 0)
2025-06-20 03:05:08.450722+0100 0x79       Default     0x0                  0      0    kernel: ioqueue_depth = 256,   ioscale = 8
2025-06-20 03:05:08.451012+0100 0x79       Default     0x0                  0      0    kernel: (apfs) apfs_log_op_with_proc:3091: disk2s2 updating mounted volume Preboot, requested by: launchd (pid 1); parent: kernel_task (pid 0)
2025-06-20 03:05:08.452503+0100 0x79       Default     0x0                  0      0    kernel: (apfs) root_hash_execution_cb:2982: img4_firmware_execute: successfully validated the payload and the manifest
2025-06-20 03:05:08.452517+0100 0x79       Default     0x0                  0      0    kernel: (apfs) graft_dev_init:420: disk2 os.dmg GRAFT (compiled @ Nov 15 2024 15:08:19)
2025-06-20 03:05:08.452518+0100 0x79       Default     0x0                  0      0    kernel: (apfs) graft_dev_init:423: disk2 os.dmg device_handle block size 4096 real block size 4096 block count 452608 features 0 internal
2025-06-20 03:05:08.452644+0100 0x79       Default     0x0                  0      0    kernel: (apfs) nx_mount:1275: os.dmg initializing cache w/hash_size 512 and cache size 2048
2025-06-20 03:05:08.454961+0100 0x79       Default     0x0                  0      0    kernel: (apfs) nx_mount:1617: os.dmg checkpoint search: largest xid 21, best xid 21 @ 9
2025-06-20 03:05:08.454965+0100 0x79       Default     0x0                  0      0    kernel: (apfs) nx_mount:1644: os.dmg stable checkpoint indices: desc 8 data 16
2025-06-20 03:05:08.455597+0100 0x79       Default     0x0                  0      0    kernel: (apfs) er_state_obj_get_for_recovery:8309: os.dmgs1 No ER state object for volume SunburstSecurityGlowC23H311.x86_64SystemCryptex - rolling is not happening, nothing to recover.
2025-06-20 03:05:08.465749+0100 0x79       Default     0x0                  0      0    kernel: (apfs) graft_dev_blockmap_lut_switch_to_metadata_based_if_needed:1212: os.dmgs1 lut contains 7 extents, 3 of which contain metadata
2025-06-20 03:05:08.465751+0100 0x79       Default     0x0                  0      0    kernel: (apfs) is_root_hash_authentication_required_osx:387: os.dmgs1 Release kext with internal build: 0, ARV disabled: 0, booting xid: 0
2025-06-20 03:05:08.465752+0100 0x79       Default     0x0                  0      0    kernel: (apfs) is_root_hash_authentication_required:555: os.dmgs1 RSR Graft, root hash authentication is required
2025-06-20 03:05:08.465754+0100 0x79       Default     0x0                  0      0    kernel: (apfs) authenticate_root_hash:637: os.dmgs1 successfully validated on-disk root hash
2025-06-20 03:05:08.465962+0100 0x79       Default     0x0                  0      0    kernel: (apfs) apfs_lookup_ge_jobj_id:4952: disk2s2 Found OBJID 0xf4ee type 3
2025-06-20 03:05:08.465964+0100 0x79       Default     0x0                  0      0    kernel: (apfs) apfs_graft:667: disk2s2 Graft ino 33733, jobj_id range 34609+11784
2025-06-20 03:05:08.466481+0100 0x79       Default     0x0                  0      0    kernel: (apfs) apfs_graft:743: disk2s2 successfully grafted ino 33733 on dir 493, dev_name [os.dmg]
2025-06-20 03:05:08.467046+0100 0x79       Default     0x0                  0      0    kernel: (apfs) root_hash_execution_cb:2982: img4_firmware_execute: successfully validated the payload and the manifest
2025-06-20 03:05:08.467056+0100 0x79       Default     0x0                  0      0    kernel: (apfs) graft_dev_init:420: disk2 app.dmg GRAFT (compiled @ Nov 15 2024 15:08:19)
2025-06-20 03:05:08.467058+0100 0x79       Default     0x0                  0      0    kernel: (apfs) graft_dev_init:423: disk2 app.dmg device_handle block size 4096 real block size 4096 block count 55808 features 0 internal
2025-06-20 03:05:08.467168+0100 0x79       Default     0x0                  0      0    kernel: (apfs) nx_mount:1275: app.dmg initializing cache w/hash_size 512 and cache size 2048
2025-06-20 03:05:08.469416+0100 0x3e5      Default     0x0                  0      0    kernel: (apfs) nx_mount:1617: app.dmg checkpoint search: largest xid 25, best xid 25 @ 3
2025-06-20 03:05:08.469422+0100 0x3e5      Default     0x0                  0      0    kernel: (apfs) nx_mount:1644: app.dmg stable checkpoint indices: desc 2 data 23
2025-06-20 03:05:08.470615+0100 0x3e5      Default     0x0                  0      0    kernel: (apfs) er_state_obj_get_for_recovery:8309: app.dmgs1 No ER state object for volume SafariGlowCSonoma620C29.SafariCryptex - rolling is not happening, nothing to recover.
2025-06-20 03:05:08.472378+0100 0x444      Default     0x0                  0      0    kernel: (AppleUSBXHCI) XH00@02000000: AppleUSBXHCI::createPorts: speed index 4 has inconsistent speed IDs (5 and 6)
2025-06-20 03:05:08.472691+0100 0x2fb      Default     0x0                  0      0    kernel: PMRD: power event 7 args 0x54c47e92e5db1141 0x0
2025-06-20 03:05:08.472695+0100 0x2fb      Default     0x0                  0      0    kernel: PMRD: PowerChangeOverride (ON_STATE->ON_STATE, f, 0x302) tag 0x240064
2025-06-20 03:05:08.472703+0100 0x2fb      Default     0x0                  0      0    kernel: PMRD: PowerChangeDone: ON_STATE->ON_STATE
2025-06-20 03:05:08.472733+0100 0x2fb      Default     0x0                  0      0    kernel: PMRD: power event 7 args 0x54c47e92e5db1281 0x0
2025-06-20 03:05:08.472736+0100 0x2fb      Default     0x0                  0      0    kernel: PMRD: PowerChangeOverride (ON_STATE->ON_STATE, f, 0x302) tag 0x250064
2025-06-20 03:05:08.472743+0100 0x2fb      Default     0x0                  0      0    kernel: PMRD: PowerChangeDone: ON_STATE->ON_STATE
2025-06-20 03:05:08.472779+0100 0x2fb      Default     0x0                  0      0    kernel: PMRD: power event 7 args 0x54c47e92e5db1321 0x0
2025-06-20 03:05:08.472781+0100 0x2fb      Default     0x0                  0      0    kernel: PMRD: PowerChangeOverride (ON_STATE->ON_STATE, f, 0x302) tag 0x260064
2025-06-20 03:05:08.472783+0100 0x2fb      Default     0x0                  0      0    kernel: PMRD: PowerChangeDone: ON_STATE->ON_STATE
2025-06-20 03:05:08.472815+0100 0x43d      Default     0x0                  0      0    kernel: PMRD: power event 7 args 0x54c47e92e5db13c1 0x0
2025-06-20 03:05:08.472820+0100 0x43d      Default     0x0                  0      0    kernel: PMRD: PowerChangeOverride (ON_STATE->ON_STATE, f, 0x302) tag 0x270064
2025-06-20 03:05:08.472827+0100 0x43d      Default     0x0                  0      0    kernel: PMRD: PowerChangeDone: ON_STATE->ON_STATE
2025-06-20 03:05:08.472856+0100 0x43d      Default     0x0                  0      0    kernel: PMRD: power event 7 args 0x54c47e92e5db1461 0x0
2025-06-20 03:05:08.472857+0100 0x43d      Default     0x0                  0      0    kernel: PMRD: PowerChangeOverride (ON_STATE->ON_STATE, f, 0x302) tag 0x280064
2025-06-20 03:05:08.472860+0100 0x43d      Default     0x0                  0      0    kernel: PMRD: PowerChangeDone: ON_STATE->ON_STATE
2025-06-20 03:05:08.472902+0100 0x43d      Default     0x0                  0      0    kernel: PMRD: power event 7 args 0x54c47e97b18f8841 0x0
2025-06-20 03:05:08.472903+0100 0x43d      Default     0x0                  0      0    kernel: PMRD: PowerChangeOverride (ON_STATE->ON_STATE, f, 0x302) tag 0x290064
2025-06-20 03:05:08.472905+0100 0x43d      Default     0x0                  0      0    kernel: PMRD: PowerChangeDone: ON_STATE->ON_STATE
2025-06-20 03:05:08.472941+0100 0x43d      Default     0x0                  0      0    kernel: PMRD: power event 7 args 0x54c47e97b18f88e1 0x0
2025-06-20 03:05:08.472942+0100 0x43d      Default     0x0                  0      0    kernel: PMRD: PowerChangeOverride (ON_STATE->ON_STATE, f, 0x302) tag 0x2a0064
2025-06-20 03:05:08.472944+0100 0x43d      Default     0x0                  0      0    kernel: PMRD: PowerChangeDone: ON_STATE->ON_STATE
2025-06-20 03:05:08.472980+0100 0x43d      Default     0x0                  0      0    kernel: PMRD: power event 7 args 0x54c47e97b18f8981 0x0
2025-06-20 03:05:08.472981+0100 0x43d      Default     0x0                  0      0    kernel: PMRD: PowerChangeOverride (ON_STATE->ON_STATE, f, 0x302) tag 0x2b0064
2025-06-20 03:05:08.472983+0100 0x43d      Default     0x0                  0      0    kernel: PMRD: PowerChangeDone: ON_STATE->ON_STATE
2025-06-20 03:05:08.473035+0100 0x43d      Default     0x0                  0      0    kernel: PMRD: power event 7 args 0x54c47e97b18f8a21 0x0
2025-06-20 03:05:08.473036+0100 0x43d      Default     0x0                  0      0    kernel: PMRD: PowerChangeOverride (ON_STATE->ON_STATE, f, 0x302) tag 0x2c0064
2025-06-20 03:05:08.473038+0100 0x43d      Default     0x0                  0      0    kernel: PMRD: PowerChangeDone: ON_STATE->ON_STATE
2025-06-20 03:05:08.473077+0100 0x43d      Default     0x0                  0      0    kernel: PMRD: power event 7 args 0x54c47e97b18f8ac1 0x0
2025-06-20 03:05:08.473078+0100 0x43d      Default     0x0                  0      0    kernel: PMRD: PowerChangeOverride (ON_STATE->ON_STATE, f, 0x302) tag 0x2d0064
2025-06-20 03:05:08.473080+0100 0x43d      Default     0x0                  0      0    kernel: PMRD: PowerChangeDone: ON_STATE->ON_STATE
2025-06-20 03:05:08.473081+0100 0x444      Default     0x0                  0      0    kernel: (AppleUSBXHCI) XH00@02000000: AppleUSBXHCI::createPorts: ports limit reached.  Not creating the remaining 3 ports
2025-06-20 03:05:08.473662+0100 0x444      Default     0x0                  0      0    kernel: (AppleUSBXHCI) XH00@01000000: AppleUSBXHCI::createPorts: speed index 4 has inconsistent speed IDs (5 and 6)
2025-06-20 03:05:08.474264+0100 0x2fb      Default     0x0                  0      0    kernel: PMRD: power event 7 args 0x54c47e97b18f8b61 0x0
2025-06-20 03:05:08.474266+0100 0x2fb      Default     0x0                  0      0    kernel: PMRD: PowerChangeOverride (ON_STATE->ON_STATE, f, 0x302) tag 0x2e0064
2025-06-20 03:05:08.474268+0100 0x2fb      Default     0x0                  0      0    kernel: PMRD: PowerChangeDone: ON_STATE->ON_STATE
2025-06-20 03:05:08.474349+0100 0x2fb      Default     0x0                  0      0    kernel: PMRD: power event 7 args 0x54c47e97b18f8c01 0x0
2025-06-20 03:05:08.474350+0100 0x2fb      Default     0x0                  0      0    kernel: PMRD: PowerChangeOverride (ON_STATE->ON_STATE, f, 0x302) tag 0x2f0064
2025-06-20 03:05:08.474352+0100 0x2fb      Default     0x0                  0      0    kernel: PMRD: PowerChangeDone: ON_STATE->ON_STATE
2025-06-20 03:05:08.474434+0100 0x2fb      Default     0x0                  0      0    kernel: PMRD: power event 7 args 0x54c47e97b18f8ca1 0x0
2025-06-20 03:05:08.474435+0100 0x2fb      Default     0x0                  0      0    kernel: PMRD: PowerChangeOverride (ON_STATE->ON_STATE, f, 0x302) tag 0x300064
2025-06-20 03:05:08.474438+0100 0x2fb      Default     0x0                  0      0    kernel: PMRD: PowerChangeDone: ON_STATE->ON_STATE
2025-06-20 03:05:08.474522+0100 0x2fb      Default     0x0                  0      0    kernel: PMRD: power event 7 args 0x54c47e97b18f8d41 0x0
2025-06-20 03:05:08.474523+0100 0x2fb      Default     0x0                  0      0    kernel: PMRD: PowerChangeOverride (ON_STATE->ON_STATE, f, 0x302) tag 0x310064
2025-06-20 03:05:08.474525+0100 0x2fb      Default     0x0                  0      0    kernel: PMRD: PowerChangeDone: ON_STATE->ON_STATE
2025-06-20 03:05:08.474610+0100 0x2fb      Default     0x0                  0      0    kernel: PMRD: power event 7 args 0x54c47e97b18f8de1 0x0
2025-06-20 03:05:08.474611+0100 0x2fb      Default     0x0                  0      0    kernel: PMRD: PowerChangeOverride (ON_STATE->ON_STATE, f, 0x302) tag 0x320064
2025-06-20 03:05:08.474613+0100 0x2fb      Default     0x0                  0      0    kernel: PMRD: PowerChangeDone: ON_STATE->ON_STATE
2025-06-20 03:05:08.474700+0100 0x2fb      Default     0x0                  0      0    kernel: PMRD: power event 7 args 0x54c47e97b18f8e81 0x0
2025-06-20 03:05:08.474701+0100 0x2fb      Default     0x0                  0      0    kernel: PMRD: PowerChangeOverride (ON_STATE->ON_STATE, f, 0x302) tag 0x330064
2025-06-20 03:05:08.474703+0100 0x2fb      Default     0x0                  0      0    kernel: PMRD: PowerChangeDone: ON_STATE->ON_STATE
2025-06-20 03:05:08.474784+0100 0x2fb      Default     0x0                  0      0    kernel: PMRD: power event 7 args 0x54c47e97b18f8f21 0x0
2025-06-20 03:05:08.474785+0100 0x2fb      Default     0x0                  0      0    kernel: PMRD: PowerChangeOverride (ON_STATE->ON_STATE, f, 0x302) tag 0x340064
2025-06-20 03:05:08.474787+0100 0x2fb      Default     0x0                  0      0    kernel: PMRD: PowerChangeDone: ON_STATE->ON_STATE
2025-06-20 03:05:08.474886+0100 0x2fb      Default     0x0                  0      0    kernel: PMRD: power event 7 args 0x54c47e97b18f8fc1 0x0
2025-06-20 03:05:08.474887+0100 0x2fb      Default     0x0                  0      0    kernel: PMRD: PowerChangeOverride (ON_STATE->ON_STATE, f, 0x302) tag 0x350064
2025-06-20 03:05:08.474889+0100 0x2fb      Default     0x0                  0      0    kernel: PMRD: PowerChangeDone: ON_STATE->ON_STATE
2025-06-20 03:05:08.474987+0100 0x2fb      Default     0x0                  0      0    kernel: PMRD: power event 7 args 0x54c47e97b18f9061 0x0
2025-06-20 03:05:08.474988+0100 0x2fb      Default     0x0                  0      0    kernel: PMRD: PowerChangeOverride (ON_STATE->ON_STATE, f, 0x302) tag 0x360064
2025-06-20 03:05:08.474990+0100 0x2fb      Default     0x0                  0      0    kernel: PMRD: PowerChangeDone: ON_STATE->ON_STATE
2025-06-20 03:05:08.476069+0100 0x79       Default     0x0                  0      0    kernel: (apfs) graft_dev_blockmap_lut_switch_to_metadata_based_if_needed:1212: app.dmgs1 lut contains 1 extents, 1 of which contain metadata
2025-06-20 03:05:08.476073+0100 0x79       Default     0x0                  0      0    kernel: (apfs) is_root_hash_authentication_required_osx:387: app.dmgs1 Release kext with internal build: 0, ARV disabled: 0, booting xid: 0
2025-06-20 03:05:08.476074+0100 0x79       Default     0x0                  0      0    kernel: (apfs) is_root_hash_authentication_required:555: app.dmgs1 RSR Graft, root hash authentication is required
2025-06-20 03:05:08.476076+0100 0x79       Default     0x0                  0      0    kernel: (apfs) authenticate_root_hash:637: app.dmgs1 successfully validated on-disk root hash
2025-06-20 03:05:08.476083+0100 0x79       Default     0x0                  0      0    kernel: (apfs) apfs_lookup_ge_jobj_id:4952: disk2s2 Found OBJID 0x151b5 type 3
2025-06-20 03:05:08.476085+0100 0x79       Default     0x0                  0      0    kernel: (apfs) apfs_graft:667: disk2s2 Graft ino 65424, jobj_id range 65450+9681
2025-06-20 03:05:08.476466+0100 0x79       Default     0x0                  0      0    kernel: (apfs) apfs_graft:743: disk2s2 successfully grafted ino 65424 on dir 65449, dev_name [app.dmg]
2025-06-20 03:05:08.476700+0100 0x3fc      Default     0x0                  0      0    kernel: (apfs) spaceman_scan_free_blocks:3878: disk2 scan took 0.026674 s (no trims)
2025-06-20 03:05:08.476704+0100 0x3fc      Default     0x0                  0      0    kernel: (apfs) spaceman_fxc_print_stats:473: disk2 dev 0 smfree 57434374/102413745 table 516/517 blocks 52398876 385:101548:48694707 91.23% range 42924:102370821 99.95% scans 1
2025-06-20 03:05:08.476708+0100 0x3fc      Default     0x0                  0      0    kernel: (apfs) spaceman_fxc_print_stats:492: disk2 dev 0 scan_stats[2]: foundmax 48694707 extents 208161 blocks 5035498 long 385 avg 24 8.76% range 37803:53681195 52.41%
2025-06-20 03:05:08.476984+0100 0x79       Default     0x0                  0      0    kernel: (apfs) root_hash_execution_cb:2982: img4_firmware_execute: successfully validated the payload and the manifest
2025-06-20 03:05:08.476988+0100 0x79       Default     0x0                  0      0    kernel: (apfs) apfs_graft:511: disk2s2 Grafting a clone, share blockmap lut with os.dmg
2025-06-20 03:05:08.476990+0100 0x79       Default     0x0                  0      0    kernel: (apfs) graft_dev_init:420: disk2 os.clone.dmg GRAFT (compiled @ Nov 15 2024 15:08:19)
2025-06-20 03:05:08.476991+0100 0x79       Default     0x0                  0      0    kernel: (apfs) graft_dev_init:423: disk2 os.clone.dmg device_handle block size 4096 real block size 4096 block count 452608 features 0 internal
2025-06-20 03:05:08.477664+0100 0x79       Default     0x0                  0      0    kernel: (apfs) nx_mount:1275: os.clone.dmg initializing cache w/hash_size 512 and cache size 2048
2025-06-20 03:05:08.512360+0100 0x3fc      Default     0x0                  0      0    kernel: (AppleAHCIPort) [AHCI][PRT][13000000] WaitForLinkPresent::4023:Port 0 PxSSTS: 0x0
2025-06-20 03:05:08.512365+0100 0x3fc      Default     0x0                  0      0    kernel: (AppleAHCIPort) [AHCI][PRT][13000000] HandleComReset::3832:linkPresent 0 - Port 0
2025-06-20 03:05:08.512367+0100 0x3fc      Default     0x0                  0      0    kernel: (AppleAHCIPort) [AHCI][PRT][13000000] EnablePortOperation::3322:Port 0 - COMRESET did not proceed
2025-06-20 03:05:08.512386+0100 0x3fc      Default     0x0                  0      0    kernel: (AppleAHCIPort) [AHCI][PRT][13000000] StartPort::1215:EnablePortOperation returned: 0xE00002D6
2025-06-20 03:05:08.512491+0100 0x3fc      Default     0x0                  0      0    kernel: (AppleAHCIPort) [AHCI][PRT][13000010] InitializePort::601:Port 1 - Hot-Plug present. Creating Hot-Plug thread.
2025-06-20 03:05:08.512515+0100 0x3fc      Default     0x0                  0      0    kernel: (AppleAHCIPort) [AHCI][PRT][13000010] InitializePort::689:Port 1
2025-06-20 03:05:08.512561+0100 0x3fc      Default     0x0                  0      0    kernel: (AppleAHCIPort) [AHCI][PRT][13000010] EnablePortOperation::3281:Enabling port 1
2025-06-20 03:05:08.512617+0100 0x444      Default     0x0                  0      0    kernel: (AppleAHCIPort) [AHCI][PRT][13000010] setPowerState::2937:inNewPowerState: 2
2025-06-20 03:05:08.515933+0100 0x3be      Default     0x0                  0      0    kernel: (AppleAHCIPort) [AHCI][PRT][15000000] WaitForLinkPresent::4023:Port 0 PxSSTS: 0x0
2025-06-20 03:05:08.515937+0100 0x3be      Default     0x0                  0      0    kernel: (AppleAHCIPort) [AHCI][PRT][15000000] HandleComReset::3832:linkPresent 0 - Port 0
2025-06-20 03:05:08.515938+0100 0x3be      Default     0x0                  0      0    kernel: (AppleAHCIPort) [AHCI][PRT][15000000] EnablePortOperation::3322:Port 0 - COMRESET did not proceed
2025-06-20 03:05:08.515956+0100 0x3be      Default     0x0                  0      0    kernel: (AppleAHCIPort) [AHCI][PRT][15000000] StartPort::1215:EnablePortOperation returned: 0xE00002D6
2025-06-20 03:05:08.516035+0100 0x3be      Default     0x0                  0      0    kernel: (AppleAHCIPort) [AHCI][PRT][15000010] InitializePort::601:Port 1 - Hot-Plug present. Creating Hot-Plug thread.
2025-06-20 03:05:08.516055+0100 0x3be      Default     0x0                  0      0    kernel: (AppleAHCIPort) [AHCI][PRT][15000010] InitializePort::689:Port 1
2025-06-20 03:05:08.516089+0100 0x3be      Default     0x0                  0      0    kernel: (AppleAHCIPort) [AHCI][PRT][15000010] EnablePortOperation::3281:Enabling port 1
2025-06-20 03:05:08.516135+0100 0x444      Default     0x0                  0      0    kernel: (AppleAHCIPort) [AHCI][PRT][15000010] setPowerState::2937:inNewPowerState: 2
2025-06-20 03:05:08.539583+0100 0x3fc      Default     0x0                  0      0    kernel: (apfs) nx_mount:1617: os.clone.dmg checkpoint search: largest xid 21, best xid 21 @ 9
2025-06-20 03:05:08.539591+0100 0x3fc      Default     0x0                  0      0    kernel: (apfs) nx_mount:1644: os.clone.dmg stable checkpoint indices: desc 8 data 16
2025-06-20 03:05:08.553272+0100 0x3fc      Default     0x0                  0      0    kernel: (apfs) er_state_obj_get_for_recovery:8309: os.clone.dmgs1 No ER state object for volume SunburstSecurityGlowC23H311.x86_64SystemCryptex - rolling is not happening, nothing to recover.
2025-06-20 03:05:08.553277+0100 0x3fc      Default     0x0                  0      0    kernel: (apfs) is_root_hash_authentication_required_osx:387: os.clone.dmgs1 Release kext with internal build: 0, ARV disabled: 0, booting xid: 0
2025-06-20 03:05:08.553281+0100 0x3fc      Default     0x0                  0      0    kernel: (apfs) is_root_hash_authentication_required:555: os.clone.dmgs1 RSR Graft, root hash authentication is required
2025-06-20 03:05:08.553284+0100 0x3fc      Default     0x0                  0      0    kernel: (apfs) authenticate_root_hash:637: os.clone.dmgs1 successfully validated on-disk root hash
2025-06-20 03:05:08.553301+0100 0x3fc      Default     0x0                  0      0    kernel: (apfs) apfs_lookup_ge_jobj_id:4952: disk2s2 Found OBJID 0xf4ee type 3
2025-06-20 03:05:08.553303+0100 0x3fc      Default     0x0                  0      0    kernel: (apfs) apfs_graft:667: disk2s2 Graft ino 33744, jobj_id range 50888+11784
2025-06-20 03:05:08.569172+0100 0x3e2      Default     0x0                  0      0    kernel: (apfs) apfs_graft:743: disk2s2 successfully grafted ino 33744 on dir 496, dev_name [os.clone.dmg]
2025-06-20 03:05:08.586066+0100 0x3fc      Default     0x0                  0      0    kernel: shared_region: 0x54c47e8e1a236d19 [1(launchd)] check_np(0x7ff7b9811158) vm_shared_region_start_address() failed
2025-06-20 03:05:08.598070+0100 0x2fb      Default     0x0                  0      0    3E1326CF-F9E2-3214-82A3-081100FBD733: (missing UUID) <compose failure [missing precomposed log]>
2025-06-20 03:05:08.598073+0100 0x2fb      Default     0x0                  0      0    3E1326CF-F9E2-3214-82A3-081100FBD733: (missing UUID) <compose failure [missing precomposed log]>
2025-06-20 03:05:08.598278+0100 0x3e5      Default     0x0                  0      0    3E1326CF-F9E2-3214-82A3-081100FBD733: (missing UUID) <compose failure [missing precomposed log]>
2025-06-20 03:05:08.598281+0100 0x505      Default     0x0                  0      0    3E1326CF-F9E2-3214-82A3-081100FBD733: (missing UUID) <compose failure [missing precomposed log]>
2025-06-20 03:05:08.598374+0100 0x505      Default     0x0                  0      0    3E1326CF-F9E2-3214-82A3-081100FBD733: (missing UUID) <compose failure [missing precomposed log]>
2025-06-20 03:05:08.598375+0100 0x505      Default     0x0                  0      0    3E1326CF-F9E2-3214-82A3-081100FBD733: (missing UUID) <compose failure [missing precomposed log]>
2025-06-20 03:05:08.598376+0100 0x505      Default     0x0                  0      0    3E1326CF-F9E2-3214-82A3-081100FBD733: (missing UUID) <compose failure [missing precomposed log]>
2025-06-20 03:05:08.598376+0100 0x505      Default     0x0                  0      0    3E1326CF-F9E2-3214-82A3-081100FBD733: (missing UUID) <compose failure [missing precomposed log]>
2025-06-20 03:05:08.598377+0100 0x505      Default     0x0                  0      0    3E1326CF-F9E2-3214-82A3-081100FBD733: (missing UUID) <compose failure [missing precomposed log]>
2025-06-20 03:05:08.598378+0100 0x505      Default     0x0                  0      0    3E1326CF-F9E2-3214-82A3-081100FBD733: (missing UUID) <compose failure [missing precomposed log]>
2025-06-20 03:05:08.598378+0100 0x505      Default     0x0                  0      0    3E1326CF-F9E2-3214-82A3-081100FBD733: (missing UUID) <compose failure [missing precomposed log]>
2025-06-20 03:05:08.598379+0100 0x505      Default     0x0                  0      0    3E1326CF-F9E2-3214-82A3-081100FBD733: (missing UUID) <compose failure [missing precomposed log]>
2025-06-20 03:05:08.598379+0100 0x505      Default     0x0                  0      0    3E1326CF-F9E2-3214-82A3-081100FBD733: (missing UUID) <compose failure [missing precomposed log]>
2025-06-20 03:05:08.598380+0100 0x505      Default     0x0                  0      0    3E1326CF-F9E2-3214-82A3-081100FBD733: (missing UUID) <compose failure [missing precomposed log]>
2025-06-20 03:05:08.598381+0100 0x505      Default     0x0                  0      0    3E1326CF-F9E2-3214-82A3-081100FBD733: (missing UUID) <compose failure [missing precomposed log]>
2025-06-20 03:05:08.598382+0100 0x505      Default     0x0                  0      0    3E1326CF-F9E2-3214-82A3-081100FBD733: (missing UUID) <compose failure [missing precomposed log]>
2025-06-20 03:05:08.598382+0100 0x505      Default     0x0                  0      0    3E1326CF-F9E2-3214-82A3-081100FBD733: (missing UUID) <compose failure [missing precomposed log]>
2025-06-20 03:05:08.598383+0100 0x505      Default     0x0                  0      0    3E1326CF-F9E2-3214-82A3-081100FBD733: (missing UUID) <compose failure [missing precomposed log]>
2025-06-20 03:05:08.598386+0100 0x505      Default     0x0                  0      0    3E1326CF-F9E2-3214-82A3-081100FBD733: (missing UUID) <compose failure [missing precomposed log]>
2025-06-20 03:05:08.598386+0100 0x505      Default     0x0                  0      0    3E1326CF-F9E2-3214-82A3-081100FBD733: (missing UUID) <compose failure [missing precomposed log]>
2025-06-20 03:05:08.609761+0100 0x47f      Default     0x0                  0      0    kernel: (IOUSBHostFamily) AppleUSB20XHCIPort@00100000: AppleUSBHostPort::enumerateDeviceComplete_block_invoke: enumerated 0x05e3/0608/6090 (USB2.0 Hub / 1) at 480 Mbps
2025-06-20 03:05:08.609782+0100 0x47f      Error       0x0                  0      0    kernel: (IOUSBFamily) [com.apple.usb:all] AppleUSBLegacyRoot@(null): AppleUSBLegacyRoot::usbServiceCallback: controller <private> (XHC2) usbServiceArray <private>(count 1) options 0x00000000
2025-06-20 03:05:08.609785+0100 0x47f      Error       0x0                  0      0    kernel: (IOUSBFamily) [com.apple.usb:all] AppleUSBLegacyRoot@(null): AppleUSBLegacyRoot::usbServiceCallback: [0] <private>
2025-06-20 03:05:08.609786+0100 0x47f      Error       0x0                  0      0    kernel: (IOUSBFamily) [com.apple.usb:all] AppleUSBLegacyRoot@(null): AppleUSBLegacyRoot::usbServiceCall: controller <private> (XHC2) usbService <private> (USB2.0 Hub) options 0x00000000
2025-06-20 03:05:08.609789+0100 0x47f      Error       0x0                  0      0    kernel: (IOUSBFamily) [com.apple.usb:all] AppleUSBLegacyRoot@(null): AppleUSBLegacyRoot::getOrCreateLegacyControllerGated: creating AppleUSBController@00000000
2025-06-20 03:05:08.609893+0100 0x47f      Error       0x0                  0      0    kernel: (IOUSBFamily) [com.apple.usb:all] AppleUSBLegacyRoot@(null): AppleUSBLegacyRoot::usbServiceCallGated: IOUSBHostDevice <private> (USB2.0 Hub)
2025-06-20 03:05:08.609898+0100 0x47f      Error       0x0                  0      0    kernel: (IOUSBFamily) [com.apple.usb:all] AppleUSBLegacyRoot@(null): AppleUSBLegacyRoot::addDeviceToUsbPlane:
2025-06-20 03:05:08.609979+0100 0x47f      Error       0x0                  0      0    kernel: (IOUSBFamily) [com.apple.usb:all] AppleUSBLegacyRoot@(null): AppleUSBLegacyRoot::usbServiceCall: usbServiceCallbackGated completed with 0x00000000 and service <private>
2025-06-20 03:05:08.609982+0100 0x47f      Error       0x0                  0      0    kernel: (IOUSBFamily) [com.apple.usb:all] AppleUSBLegacyRoot@(null): AppleUSBLegacyRoot::usbServiceCall: registering USB2.0 Hub@00100000 (<private>) for matching
2025-06-20 03:05:08.610911+0100 0x79       Default     0x0                  0      0    kernel: (IOUSBHostFamily) USB2.0 Hub@00100000: IOUSBHostDevice::setConfigurationGated: AppleUSB20Hub selected configuration 1
2025-06-20 03:05:08.611870+0100 0x47f      Error       0x0                  0      0    kernel: (IOUSBFamily) [com.apple.usb:all] AppleUSBLegacyRoot@(null): AppleUSBLegacyRoot::usbServiceCallback: controller <private> (XHC2) usbServiceArray <private>(count 1) options 0x00000001
2025-06-20 03:05:08.611874+0100 0x47f      Error       0x0                  0      0    kernel: (IOUSBFamily) [com.apple.usb:all] AppleUSBLegacyRoot@(null): AppleUSBLegacyRoot::usbServiceCallback: [0] <private>
2025-06-20 03:05:08.611875+0100 0x47f      Error       0x0                  0      0    kernel: (IOUSBFamily) [com.apple.usb:all] AppleUSBLegacyRoot@(null): AppleUSBLegacyRoot::usbServiceCall: controller <private> (XHC2) usbService <private> (IOUSBHostInterface) options 0x00000001
2025-06-20 03:05:08.611883+0100 0x47f      Error       0x0                  0      0    kernel: (IOUSBFamily) [com.apple.usb:all] AppleUSBLegacyRoot@(null): AppleUSBLegacyRoot::getOrCreateLegacyControllerGated: located existing AppleUSBController@00000000
2025-06-20 03:05:08.611884+0100 0x47f      Error       0x0                  0      0    kernel: (IOUSBFamily) [com.apple.usb:all] AppleUSBLegacyRoot@(null): AppleUSBLegacyRoot::usbServiceCallGated: IOUSBHostInterface <private> (IOUSBHostInterface)
2025-06-20 03:05:08.611967+0100 0x47f      Error       0x0                  0      0    kernel: (IOUSBFamily) [com.apple.usb:all] AppleUSBLegacyRoot@(null): AppleUSBLegacyRoot::usbServiceCall: usbServiceCallbackGated completed with 0x00000000 and service <private>
2025-06-20 03:05:08.611970+0100 0x47f      Error       0x0                  0      0    kernel: (IOUSBFamily) [com.apple.usb:all] AppleUSBLegacyRoot@(null): AppleUSBLegacyRoot::usbServiceCall: bypassing matching for AppleUSBInterface@0 (<private>)
2025-06-20 03:05:08.611977+0100 0x47f      Error       0x0                  0      0    kernel: (IOUSBFamily) [com.apple.usb:all] AppleUSBLegacyRoot@(null): AppleUSBLegacyRoot::getOrCreateLegacyControllerGated: located existing AppleUSBController@00000000
2025-06-20 03:05:08.613794+0100 0x2fb      Default     0x0                  0      0    3E1326CF-F9E2-3214-82A3-081100FBD733: (missing UUID) <compose failure [missing precomposed log]>
2025-06-20 03:05:08.613819+0100 0x505      Default     0x0                  0      0    3E1326CF-F9E2-3214-82A3-081100FBD733: (missing UUID) <compose failure [missing precomposed log]>
2025-06-20 03:05:08.613823+0100 0x505      Default     0x0                  0      0    3E1326CF-F9E2-3214-82A3-081100FBD733: (missing UUID) <compose failure [missing precomposed log]>
2025-06-20 03:05:08.614833+0100 0x2fb      Default     0x0                  0      0    3E1326CF-F9E2-3214-82A3-081100FBD733: (missing UUID) <compose failure [missing precomposed log]>
2025-06-20 03:05:08.614836+0100 0x505      Default     0x0                  0      0    3E1326CF-F9E2-3214-82A3-081100FBD733: (missing UUID) <compose failure [missing precomposed log]>
2025-06-20 03:05:08.615857+0100 0x2fb      Default     0x0                  0      0    3E1326CF-F9E2-3214-82A3-081100FBD733: (missing UUID) <compose failure [missing precomposed log]>
2025-06-20 03:05:08.639870+0100 0x61b      Default     0x0                  0      0    kernel: VM Swap Subsystem is ON
2025-06-20 03:05:08.656849+0100 0x47f      Default     0x0                  0      0    kernel: (AppleMobileFileIntegrity) AMFI: '/System/Volumes/Preboot/Cryptexes/OS/System/Library/dyld/dyld_shared_cache_x86_64h' is adhoc signed.
2025-06-20 03:05:08.656944+0100 0x47f      Default     0x0                  0      0    kernel: (AppleSystemPolicy) ASP: AMFI pointer initialized
2025-06-20 03:05:08.683406+0100 0x505      Default     0x0                  0      0    3E1326CF-F9E2-3214-82A3-081100FBD733: (missing UUID) <compose failure [missing precomposed log]>
2025-06-20 03:05:08.684415+0100 0x2fb      Default     0x0                  0      0    3E1326CF-F9E2-3214-82A3-081100FBD733: (missing UUID) <compose failure [missing precomposed log]>
2025-06-20 03:05:08.684435+0100 0x505      Default     0x0                  0      0    3E1326CF-F9E2-3214-82A3-081100FBD733: (missing UUID) <compose failure [missing precomposed log]>
2025-06-20 03:05:08.696207+0100 0x79       Default     0x0                  0      0    3E1326CF-F9E2-3214-82A3-081100FBD733: (missing UUID) <compose failure [missing precomposed log]>
2025-06-20 03:05:08.696209+0100 0x79       Default     0x0                  0      0    3E1326CF-F9E2-3214-82A3-081100FBD733: (missing UUID) <compose failure [missing precomposed log]>
2025-06-20 03:05:08.696210+0100 0x79       Default     0x0                  0      0    3E1326CF-F9E2-3214-82A3-081100FBD733: (missing UUID) <compose failure [missing precomposed log]>
2025-06-20 03:05:08.696333+0100 0x79       Default     0x0                  0      0    3E1326CF-F9E2-3214-82A3-081100FBD733: (missing UUID) <compose failure [missing precomposed log]>
2025-06-20 03:05:08.696334+0100 0x79       Default     0x0                  0      0    3E1326CF-F9E2-3214-82A3-081100FBD733: (missing UUID) <compose failure [missing precomposed log]>
2025-06-20 03:05:08.696335+0100 0x79       Default     0x0                  0      0    3E1326CF-F9E2-3214-82A3-081100FBD733: (missing UUID) <compose failure [missing precomposed log]>
2025-06-20 03:05:08.696357+0100 0x79       Default     0x0                  0      0    kernel: (IO80211Family) IO80211SkywalkInterface::init start
2025-06-20 03:05:08.696363+0100 0x79       Default     0x0                  0      0    kernel: (IO80211Family) IO80211SkywalkInterface::initIvars complete
2025-06-20 03:05:08.696369+0100 0x79       Default     0x0                  0      0    kernel: (corecapture) CCPipe::withOwnerNameCapacity pipeOwner com.zxystd.AirportItlwm pipeName DriverLogs
2025-06-20 03:05:08.696402+0100 0x79       Default     0x0                  0      0    kernel: (corecapture) CCLogPipe::createReportersAndLegend() Done Creating Legend for owner: com.zxystd.AirportItlwm pipe DriverLogs
2025-06-20 03:05:08.696403+0100 0x79       Default     0x0                  0      0    kernel: (corecapture) CCLogPipe::initWithOwnerNameCapacity() IOReporters setup for DriverLogs
2025-06-20 03:05:08.696645+0100 0x79       Default     0x0                  0      0    kernel: (corecapture) Created CCLogPipe (Owner: com.zxystd.AirportItlwm - Name: DriverLogs)
2025-06-20 03:05:08.696647+0100 0x79       Default     0x0                  0      0    kernel: (corecapture) withOwnerNameCapacity:157 Pipe Owner:com.zxystd.AirportItlwm Name:DriverLogs LogIdentifier:wlan0
2025-06-20 03:05:08.696648+0100 0x79       Default     0x0                  0      0    3E1326CF-F9E2-3214-82A3-081100FBD733: (missing UUID) <compose failure [missing precomposed log]>
2025-06-20 03:05:08.696649+0100 0x79       Default     0x0                  0      0    kernel: (corecapture) CCPipe::withOwnerNameCapacity pipeOwner com.zxystd.AirportItlwm pipeName DatapathEvents
2025-06-20 03:05:08.696665+0100 0x79       Default     0x0                  0      0    kernel: (corecapture) CCLogPipe::createReportersAndLegend() Done Creating Legend for owner: com.zxystd.AirportItlwm pipe DatapathEvents
2025-06-20 03:05:08.696666+0100 0x79       Default     0x0                  0      0    kernel: (corecapture) CCLogPipe::initWithOwnerNameCapacity() IOReporters setup for DatapathEvents
2025-06-20 03:05:08.696902+0100 0x79       Default     0x0                  0      0    kernel: (corecapture) Created CCLogPipe (Owner: com.zxystd.AirportItlwm - Name: DatapathEvents)
2025-06-20 03:05:08.696903+0100 0x79       Default     0x0                  0      0    kernel: (corecapture) withOwnerNameCapacity:157 Pipe Owner:com.zxystd.AirportItlwm Name:DatapathEvents LogIdentifier:
2025-06-20 03:05:08.696905+0100 0x79       Default     0x0                  0      0    3E1326CF-F9E2-3214-82A3-081100FBD733: (missing UUID) <compose failure [missing precomposed log]>
2025-06-20 03:05:08.696905+0100 0x79       Default     0x0                  0      0    kernel: (corecapture) CCPipe::withOwnerNameCapacity pipeOwner com.zxystd.AirportItlwm pipeName StateSnapshots
2025-06-20 03:05:08.696919+0100 0x79       Default     0x0                  0      0    kernel: (corecapture) CCDataPipe::createReportersAndLegend() Done Creating Legend for owner: com.zxystd.AirportItlwm pipe StateSnapshots
2025-06-20 03:05:08.696920+0100 0x79       Default     0x0                  0      0    kernel: (corecapture) CCDataPipe::initWithOwnerNameCapacity() IOReporters setup for StateSnapshots
2025-06-20 03:05:08.696923+0100 0x79       Default     0x0                  0      0    kernel: (corecapture) Created CCDataPipe (Owner: com.zxystd.AirportItlwm - Name: StateSnapshots)
2025-06-20 03:05:08.696924+0100 0x79       Default     0x0                  0      0    kernel: (corecapture) withOwnerNameCapacity:157 Pipe Owner:com.zxystd.AirportItlwm Name:StateSnapshots LogIdentifier:0
2025-06-20 03:05:08.696925+0100 0x79       Default     0x0                  0      0    3E1326CF-F9E2-3214-82A3-081100FBD733: (missing UUID) <compose failure [missing precomposed log]>
2025-06-20 03:05:08.696936+0100 0x79       Default     0x0                  0      0    kernel: (corecapture) CCDataStream::createReportSet() fCoreCaptureReporter 0xac93fc8f8959d8ac
2025-06-20 03:05:08.696937+0100 0x79       Default     0x0                  0      0    kernel: (corecapture) CCDataStream::createReportersAndLegend() streamName FaultReporter
2025-06-20 03:05:08.696970+0100 0x79       Default     0x0                  0      0    kernel: (corecapture) Created CCDataStream (Name: FaultReporter)
2025-06-20 03:05:08.696971+0100 0x79       Default     0x0                  0      0    3E1326CF-F9E2-3214-82A3-081100FBD733: (missing UUID) <compose failure [missing precomposed log]>
2025-06-20 03:05:08.697030+0100 0x79       Default     0x0                  0      0    kernel: (corecapture) CCPipe::withOwnerNameCapacity pipeOwner com.apple.iokit.IO80211Family pipeName Interface_Infrastructure_0
2025-06-20 03:05:08.697046+0100 0x79       Default     0x0                  0      0    kernel: (corecapture) CCLogPipe::createReportersAndLegend() Done Creating Legend for owner: com.apple.iokit.IO80211Family pipe Interface_Infrastructure_0
2025-06-20 03:05:08.697047+0100 0x79       Default     0x0                  0      0    kernel: (corecapture) CCLogPipe::initWithOwnerNameCapacity() IOReporters setup for Interface_Infrastructure_0
2025-06-20 03:05:08.697070+0100 0x79       Default     0x0                  0      0    kernel: (corecapture) Created CCLogPipe (Owner: com.apple.iokit.IO80211Family - Name: Interface_Infrastructure_0)
2025-06-20 03:05:08.697071+0100 0x79       Default     0x0                  0      0    kernel: (corecapture) withOwnerNameCapacity:157 Pipe Owner:com.apple.iokit.IO80211Family Name:Interface_Infrastructure_0 LogIdentifier:InterfaceLogs
2025-06-20 03:05:08.697085+0100 0x79       Default     0x0                  0      0    kernel: (corecapture) CCLogStream::createReportSet() fCoreCaptureReporter 0xccff9f08ab2793bb
2025-06-20 03:05:08.697086+0100 0x79       Default     0x0                  0      0    kernel: (corecapture) CCLogStream::createReportersAndLegend() streamName Interface_Infrastructure_0
2025-06-20 03:05:08.697104+0100 0x79       Default     0x0                  0      0    kernel: (corecapture) Created CCLogStream (Name: Interface_Infrastructure_0)
2025-06-20 03:05:08.697135+0100 0x79       Default     0x0                  0      0    kernel: (IO80211Family) IO80211PeerManager::initInterfaceConfigPeerReporters(5964) fPeerManagerReporters == NULL , skipping init
2025-06-20 03:05:08.697137+0100 0x79       Default     0x0                  0      0    kernel: (IO80211Family) IO80211PeerManager::addPeerOperation(6030) fInterfacePeerCounters not yet present, storing operation for later
2025-06-20 03:05:08.697146+0100 0x79       Default     0x0                  0      0    kernel: (IO80211Family) IO80211PeerManager::initInterfaceConfigPeerReporters(5964) fPeerManagerReporters == NULL , skipping init
2025-06-20 03:05:08.697147+0100 0x79       Default     0x0                  0      0    kernel: (IO80211Family) IO80211PeerManager::addPeerOperation(6030) fInterfacePeerCounters not yet present, storing operation for later
2025-06-20 03:05:08.697154+0100 0x79       Default     0x0                  0      0    kernel: (IO80211Family) Skywalk Interface added monitor timers
2025-06-20 03:05:08.697168+0100 0x79       Default     0x0                  0      0    kernel: (corecapture) CCLogStream::createReportSet() fCoreCaptureReporter 0xb3a2aae94602aece
2025-06-20 03:05:08.697169+0100 0x79       Default     0x0                  0      0    kernel: (corecapture) CCLogStream::createReportersAndLegend() streamName IO80211Logger_Infrastructure
2025-06-20 03:05:08.697187+0100 0x79       Default     0x0                  0      0    kernel: (corecapture) Created CCLogStream (Name: IO80211Logger_Infrastructure)
2025-06-20 03:05:08.697195+0100 0x79       Default     0x0                  0      0    kernel: (corecapture) CCDataStream::createReportSet() fCoreCaptureReporter 0xa669e3be59bb6776
2025-06-20 03:05:08.697196+0100 0x79       Default     0x0                  0      0    kernel: (corecapture) CCDataStream::createReportersAndLegend() streamName IO80211DataStream
2025-06-20 03:05:08.697222+0100 0x79       Default     0x0                  0      0    kernel: (corecapture) Created CCDataStream (Name: IO80211DataStream)
2025-06-20 03:05:08.697233+0100 0x79       Default     0x0                  0      0    kernel: (corecapture) CCLogStream::createReportSet() fCoreCaptureReporter 0x49238b031c085f3e
2025-06-20 03:05:08.697234+0100 0x79       Default     0x0                  0      0    kernel: (corecapture) CCLogStream::createReportersAndLegend() streamName networkfamilystack_Infrastructure
2025-06-20 03:05:08.697255+0100 0x79       Default     0x0                  0      0    kernel: (corecapture) Created CCLogStream (Name: networkfamilystack_Infrastructure)
2025-06-20 03:05:08.697266+0100 0x79       Default     0x0                  0      0    kernel: (corecapture) CCLogStream::createReportSet() fCoreCaptureReporter 0x62100543fbac923d
2025-06-20 03:05:08.697267+0100 0x79       Default     0x0                  0      0    kernel: (corecapture) CCLogStream::createReportersAndLegend() streamName interfacequeue_Infrastructure
2025-06-20 03:05:08.697287+0100 0x79       Default     0x0                  0      0    kernel: (corecapture) Created CCLogStream (Name: interfacequeue_Infrastructure)
2025-06-20 03:05:08.697288+0100 0x79       Default     0x0                  0      0    kernel: (corecapture) CCLogStream::setLogFlag:373 flag:0x1
2025-06-20 03:05:08.697289+0100 0x79       Default     0x0                  0      0    kernel: (corecapture) setLogFlag:374 stream Name:interfacequeue_Infrastructure LogIdentifier:
2025-06-20 03:05:08.697301+0100 0x79       Default     0x0                  0      0    kernel: (corecapture) CCLogStream::createReportSet() fCoreCaptureReporter 0xaf1cb0670d0a5bd
2025-06-20 03:05:08.697301+0100 0x79       Default     0x0                  0      0    kernel: (corecapture) CCLogStream::createReportersAndLegend() streamName peerqueue_Infrastructure
2025-06-20 03:05:08.697322+0100 0x79       Default     0x0                  0      0    kernel: (corecapture) Created CCLogStream (Name: peerqueue_Infrastructure)
2025-06-20 03:05:08.697322+0100 0x79       Default     0x0                  0      0    kernel: (corecapture) CCLogStream::setLogFlag:373 flag:0x7
2025-06-20 03:05:08.697323+0100 0x79       Default     0x0                  0      0    kernel: (corecapture) setLogFlag:374 stream Name:peerqueue_Infrastructure LogIdentifier:
2025-06-20 03:05:08.697338+0100 0x79       Default     0x0                  0      0    kernel: (corecapture) CCLogStream::createReportSet() fCoreCaptureReporter 0xcc8e0e9688e836eb
2025-06-20 03:05:08.697339+0100 0x79       Default     0x0                  0      0    kernel: (corecapture) CCLogStream::createReportersAndLegend() streamName peerinput_Infrastructure
2025-06-20 03:05:08.697358+0100 0x79       Default     0x0                  0      0    kernel: (corecapture) Created CCLogStream (Name: peerinput_Infrastructure)
2025-06-20 03:05:08.697359+0100 0x79       Default     0x0                  0      0    kernel: (corecapture) CCLogStream::setLogFlag:373 flag:0x7
2025-06-20 03:05:08.697360+0100 0x79       Default     0x0                  0      0    kernel: (corecapture) setLogFlag:374 stream Name:peerinput_Infrastructure LogIdentifier:
2025-06-20 03:05:08.697376+0100 0x79       Default     0x0                  0      0    kernel: (corecapture) CCLogStream::createReportSet() fCoreCaptureReporter 0xc9a66b3d3ae7e685
2025-06-20 03:05:08.697377+0100 0x79       Default     0x0                  0      0    kernel: (corecapture) CCLogStream::createReportersAndLegend() streamName bpf_tap_in_Infrastructure
2025-06-20 03:05:08.697397+0100 0x79       Default     0x0                  0      0    kernel: (corecapture) Created CCLogStream (Name: bpf_tap_in_Infrastructure)
2025-06-20 03:05:08.697398+0100 0x79       Default     0x0                  0      0    kernel: (corecapture) CCLogStream::setLevel:313 level:127
2025-06-20 03:05:08.697399+0100 0x79       Default     0x0                  0      0    kernel: (corecapture) setLevel:314 stream Name:bpf_tap_in_Infrastructure LogIdentifier:
2025-06-20 03:05:08.697400+0100 0x79       Default     0x0                  0      0    kernel: (corecapture) setLevel:339 Pipe Owner:com.zxystd.AirportItlwm Name:DatapathEvents LogIdentifier:
2025-06-20 03:05:08.697401+0100 0x79       Default     0x0                  0      0    kernel: (corecapture) setLevel:340 stream Name:bpf_tap_in_Infrastructure LogIdentifier:
2025-06-20 03:05:08.697402+0100 0x79       Default     0x0                  0      0    kernel: (corecapture) CCLogStream::setLevel CCStreamLogLevel:127 ccLevel:127
2025-06-20 03:05:08.697403+0100 0x79       Default     0x0                  0      0    kernel: (IO80211Family) Finding ivars->_faultReporter
2025-06-20 03:05:08.697423+0100 0x79       Default     0x0                  0      0    kernel: (IO80211Family) com.apple.p2p.stats: Family Skywalk Interface start done
2025-06-20 03:05:08.697428+0100 0x79       Default     0x0                  0      0    kernel: (IO80211Family) com.apple.p2p: setPeerManagerLogFlags[6960] logflags: 226000400004
2025-06-20 03:05:08.697430+0100 0x79       Default     0x0                  0      0    kernel: (IO80211Family) com.apple.p2p: setPeerManagerLogFlags[6967] fPcapLogStream is NULL
2025-06-20 03:05:08.697431+0100 0x79       Default     0x0                  0      0    kernel: (corecapture) CCLogStream::setFlags:349 flags:0x226000400004
2025-06-20 03:05:08.697432+0100 0x79       Default     0x0                  0      0    kernel: (corecapture) setFlags:350 stream Name:bpf_tap_in_Infrastructure LogIdentifier:
2025-06-20 03:05:08.697434+0100 0x79       Default     0x0                  0      0    kernel: (corecapture) 000001.697434 InterfaceLogs.A[1] [ik] initwithOptions@148:Setting AVC advisory notification periodicity to 300
2025-06-20 03:05:08.697456+0100 0x2fb      Default     0x0                  0      0    kernel: (IO80211Family) com.apple.p2p: IO80211SkywalkInterface::setPowerState: interface[0x449368444dee6d5f], role[1] powerStateOrdinal[1] fPowerState[2]
2025-06-20 03:05:08.697491+0100 0x79       Default     0x0                  0      0    kernel: (corecapture) CCLogStream::createReportSet() fCoreCaptureReporter 0x3f8c521e29e9146c
2025-06-20 03:05:08.697492+0100 0x79       Default     0x0                  0      0    kernel: (corecapture) CCLogStream::createReportersAndLegend() streamName controller
2025-06-20 03:05:08.697508+0100 0x79       Default     0x0                  0      0    kernel: (corecapture) Created CCLogStream (Name: controller)
2025-06-20 03:05:08.697511+0100 0x79       Default     0x0                  0      0    kernel: (IO80211Family) Exit : IO80211ScanManager::initWithControllerAndSkywalkInterface()
2025-06-20 03:05:08.711692+0100 0x79       Error       0x0                  0      0    kernel: (AppleUSBXHCI) [com.apple.usb:all] AppleUSBXHCICommandRing: AppleUSBXHCICommandRing::executeCommand: command[3] 0x0000000000000000 00000000 01013c01 got result 0x00000001d5608030 13000000 01008401 after 0ms (enqueued 0ms)
2025-06-20 03:05:08.711694+0100 0x79       Error       0x0                  0      0    kernel: (AppleUSBXHCI) [com.apple.usb:all] AppleUSBXHCICommandRing: AppleUSBXHCICommandRing::stopEndpoint: completed with result code 19
2025-06-20 03:05:08.711951+0100 0x2fb      Error       0x0                  0      0    kernel: (AppleUSBXHCI) [com.apple.usb:all] AppleUSBXHCICommandRing: AppleUSBXHCICommandRing::executeCommand: command[3] 0x0000000000000000 00000000 01013c01 got result 0x00000001d8e23030 13000000 01008401 after 0ms (enqueued 0ms)
2025-06-20 03:05:08.711955+0100 0x2fb      Error       0x0                  0      0    kernel: (AppleUSBXHCI) [com.apple.usb:all] AppleUSBXHCICommandRing: AppleUSBXHCICommandRing::stopEndpoint: completed with result code 19
2025-06-20 03:05:08.730712+0100 0x47f      Default     0x0                  0      0    kernel: (AppleMobileFileIntegrity) AMFI: '/System/Volumes/Preboot/Cryptexes/OS/System/Library/dyld/dyld_shared_cache_x86_64h.01' is adhoc signed.
2025-06-20 03:05:08.774026+0100 0x2fb      Default     0x0                  0      0    kernel: (IOUSBHostFamily) AppleUSB30XHCIPort@02100000: AppleUSBHostPort::enumerateDeviceComplete_block_invoke: enumerated 0x0951/172c/0110 (DataTraveler 80 / 2) at 5 Gbps
2025-06-20 03:05:08.774033+0100 0x2fb      Error       0x0                  0      0    kernel: (IOUSBFamily) [com.apple.usb:all] AppleUSBLegacyRoot@(null): AppleUSBLegacyRoot::usbServiceCallback: controller <private> (XH00) usbServiceArray <private>(count 1) options 0x00000000
2025-06-20 03:05:08.774035+0100 0x2fb      Error       0x0                  0      0    kernel: (IOUSBFamily) [com.apple.usb:all] AppleUSBLegacyRoot@(null): AppleUSBLegacyRoot::usbServiceCallback: [0] <private>
2025-06-20 03:05:08.774036+0100 0x2fb      Error       0x0                  0      0    kernel: (IOUSBFamily) [com.apple.usb:all] AppleUSBLegacyRoot@(null): AppleUSBLegacyRoot::usbServiceCall: controller <private> (XH00) usbService <private> (DataTraveler 80) options 0x00000000
2025-06-20 03:05:08.774039+0100 0x2fb      Error       0x0                  0      0    kernel: (IOUSBFamily) [com.apple.usb:all] AppleUSBLegacyRoot@(null): AppleUSBLegacyRoot::getOrCreateLegacyControllerGated: creating AppleUSBController@02000000
2025-06-20 03:05:08.774130+0100 0x2fb      Error       0x0                  0      0    kernel: (IOUSBFamily) [com.apple.usb:all] AppleUSBLegacyRoot@(null): AppleUSBLegacyRoot::usbServiceCallGated: IOUSBHostDevice <private> (DataTraveler 80)
2025-06-20 03:05:08.774134+0100 0x2fb      Error       0x0                  0      0    kernel: (IOUSBFamily) [com.apple.usb:all] AppleUSBLegacyRoot@(null): AppleUSBLegacyRoot::addDeviceToUsbPlane:
2025-06-20 03:05:08.774220+0100 0x2fb      Error       0x0                  0      0    kernel: (IOUSBFamily) [com.apple.usb:all] AppleUSBLegacyRoot@(null): AppleUSBLegacyRoot::usbServiceCall: usbServiceCallbackGated completed with 0x00000000 and service <private>
2025-06-20 03:05:08.774223+0100 0x2fb      Error       0x0                  0      0    kernel: (IOUSBFamily) [com.apple.usb:all] AppleUSBLegacyRoot@(null): AppleUSBLegacyRoot::usbServiceCall: registering DataTraveler 80@02100000 (<private>) for matching
2025-06-20 03:05:08.775567+0100 0x3e2      Default     0x0                  0      0    kernel: (IOUSBHostFamily) DataTraveler 80@02100000: IOUSBHostDevice::setConfigurationGated: AppleUSBHostCompositeDevice selected configuration 1
2025-06-20 03:05:08.776035+0100 0x2fb      Error       0x0                  0      0    kernel: (IOUSBFamily) [com.apple.usb:all] AppleUSBLegacyRoot@(null): AppleUSBLegacyRoot::usbServiceCallback: controller <private> (XH00) usbServiceArray <private>(count 1) options 0x00000000
2025-06-20 03:05:08.776037+0100 0x2fb      Error       0x0                  0      0    kernel: (IOUSBFamily) [com.apple.usb:all] AppleUSBLegacyRoot@(null): AppleUSBLegacyRoot::usbServiceCallback: [0] <private>
2025-06-20 03:05:08.776038+0100 0x2fb      Error       0x0                  0      0    kernel: (IOUSBFamily) [com.apple.usb:all] AppleUSBLegacyRoot@(null): AppleUSBLegacyRoot::usbServiceCall: controller <private> (XH00) usbService <private> (IOUSBHostInterface) options 0x00000000
2025-06-20 03:05:08.776043+0100 0x2fb      Error       0x0                  0      0    kernel: (IOUSBFamily) [com.apple.usb:all] AppleUSBLegacyRoot@(null): AppleUSBLegacyRoot::getOrCreateLegacyControllerGated: located existing AppleUSBController@02000000
2025-06-20 03:05:08.776044+0100 0x2fb      Error       0x0                  0      0    kernel: (IOUSBFamily) [com.apple.usb:all] AppleUSBLegacyRoot@(null): AppleUSBLegacyRoot::usbServiceCallGated: IOUSBHostInterface <private> (IOUSBHostInterface)
2025-06-20 03:05:08.776056+0100 0x2fb      Default     0x0                  0      0    kernel: (IOUSBFamily) USBMSC Identifier (non-unique): 94DE807246E3E5C0890300DE 0x951 0x172c 0x110, 3
2025-06-20 03:05:08.776105+0100 0x2fb      Error       0x0                  0      0    kernel: (IOUSBFamily) [com.apple.usb:all] AppleUSBLegacyRoot@(null): AppleUSBLegacyRoot::usbServiceCall: usbServiceCallbackGated completed with 0x00000000 and service <private>
2025-06-20 03:05:08.776108+0100 0x2fb      Error       0x0                  0      0    kernel: (IOUSBFamily) [com.apple.usb:all] AppleUSBLegacyRoot@(null): AppleUSBLegacyRoot::usbServiceCall: registering AppleUSBInterface@0 (<private>) for matching
2025-06-20 03:05:08.776141+0100 0x2fb      Error       0x0                  0      0    kernel: (IOUSBFamily) [com.apple.usb:all] AppleUSBLegacyRoot@(null): AppleUSBLegacyRoot::getOrCreateLegacyControllerGated: located existing AppleUSBController@02000000
2025-06-20 03:05:08.781392+0100 0x2fb      Default     0x0                  0      0    kernel: PMRD: PowerChangeOverride (ON_STATE->ON_STATE, f, 0x2) tag 0x370064
2025-06-20 03:05:08.781394+0100 0x2fb      Default     0x0                  0      0    kernel: PMRD: PowerChangeDone: ON_STATE->ON_STATE
2025-06-20 03:05:08.781415+0100 0x47f      Default     0x0                  0      0    kernel: PMRD: PowerChangeOverride (ON_STATE->ON_STATE, f, 0x2) tag 0x380064
2025-06-20 03:05:08.781418+0100 0x47f      Default     0x0                  0      0    kernel: PMRD: PowerChangeDone: ON_STATE->ON_STATE
2025-06-20 03:05:08.781782+0100 0x47f      Default     0x0                  0      0    kernel: PMRD: power event 7 args 0x54c47e97b18f8841 0x0
2025-06-20 03:05:08.781784+0100 0x47f      Default     0x0                  0      0    kernel: PMRD: PowerChangeOverride (ON_STATE->ON_STATE, f, 0x302) tag 0x390064
2025-06-20 03:05:08.781788+0100 0x79       Default     0x0                  0      0    kernel: PMRD: PowerChangeDone: ON_STATE->ON_STATE
2025-06-20 03:05:08.792568+0100 0x2fb      Default     0x0                  0      0    kernel: (IOUSBHostFamily) AppleUSB20XHCIPort@02e00000: AppleUSBHostPort::enumerateDeviceComplete_block_invoke: enumerated 0x8087/0032/0000 (IOUSBHostDevice / 1) at 12 Mbps
2025-06-20 03:05:08.792577+0100 0x2fb      Error       0x0                  0      0    kernel: (IOUSBFamily) [com.apple.usb:all] AppleUSBLegacyRoot@(null): AppleUSBLegacyRoot::usbServiceCallback: controller <private> (XH00) usbServiceArray <private>(count 1) options 0x00000000
2025-06-20 03:05:08.792580+0100 0x2fb      Error       0x0                  0      0    kernel: (IOUSBFamily) [com.apple.usb:all] AppleUSBLegacyRoot@(null): AppleUSBLegacyRoot::usbServiceCallback: [0] <private>
2025-06-20 03:05:08.792582+0100 0x2fb      Error       0x0                  0      0    kernel: (IOUSBFamily) [com.apple.usb:all] AppleUSBLegacyRoot@(null): AppleUSBLegacyRoot::usbServiceCall: controller <private> (XH00) usbService <private> (IOUSBHostDevice) options 0x00000000
2025-06-20 03:05:08.792587+0100 0x2fb      Error       0x0                  0      0    kernel: (IOUSBFamily) [com.apple.usb:all] AppleUSBLegacyRoot@(null): AppleUSBLegacyRoot::getOrCreateLegacyControllerGated: located existing AppleUSBController@02000000
2025-06-20 03:05:08.792589+0100 0x2fb      Error       0x0                  0      0    kernel: (IOUSBFamily) [com.apple.usb:all] AppleUSBLegacyRoot@(null): AppleUSBLegacyRoot::usbServiceCallGated: IOUSBHostDevice <private> (IOUSBHostDevice)
2025-06-20 03:05:08.792595+0100 0x2fb      Error       0x0                  0      0    kernel: (IOUSBFamily) [com.apple.usb:all] AppleUSBLegacyRoot@(null): AppleUSBLegacyRoot::addDeviceToUsbPlane:
2025-06-20 03:05:08.792696+0100 0x2fb      Error       0x0                  0      0    kernel: (IOUSBFamily) [com.apple.usb:all] AppleUSBLegacyRoot@(null): AppleUSBLegacyRoot::usbServiceCall: usbServiceCallbackGated completed with 0x00000000 and service <private>
2025-06-20 03:05:08.792699+0100 0x584      Error       0x0                  0      0    kernel: (IOUSBFamily) [com.apple.usb:all] AppleUSBLegacyRoot@(null): AppleUSBLegacyRoot::usbServiceCall: registering IOUSBHostDevice@02e00000 (<private>) for matching
2025-06-20 03:05:08.792822+0100 0x2fb      Default     0x0                  0      0    kernel: (IOUSBHostFamily) POTB@01b00000: AppleUSBHostPort::enumerateDeviceComplete_block_invoke: enumerated 0x048d/5702/0001 (ITE Device / 1) at 12 Mbps
2025-06-20 03:05:08.792828+0100 0x2fb      Error       0x0                  0      0    kernel: (IOUSBFamily) [com.apple.usb:all] AppleUSBLegacyRoot@(null): AppleUSBLegacyRoot::usbServiceCallback: controller <private> (XH00) usbServiceArray <private>(count 1) options 0x00000000
2025-06-20 03:05:08.792830+0100 0x2fb      Error       0x0                  0      0    kernel: (IOUSBFamily) [com.apple.usb:all] AppleUSBLegacyRoot@(null): AppleUSBLegacyRoot::usbServiceCallback: [0] <private>
2025-06-20 03:05:08.792831+0100 0x2fb      Error       0x0                  0      0    kernel: (IOUSBFamily) [com.apple.usb:all] AppleUSBLegacyRoot@(null): AppleUSBLegacyRoot::usbServiceCall: controller <private> (XH00) usbService <private> (ITE Device) options 0x00000000
2025-06-20 03:05:08.792833+0100 0x2fb      Error       0x0                  0      0    kernel: (IOUSBFamily) [com.apple.usb:all] AppleUSBLegacyRoot@(null): AppleUSBLegacyRoot::getOrCreateLegacyControllerGated: creating AppleUSBController@01000000
2025-06-20 03:05:08.792905+0100 0x2fb      Error       0x0                  0      0    kernel: (IOUSBFamily) [com.apple.usb:all] AppleUSBLegacyRoot@(null): AppleUSBLegacyRoot::usbServiceCallGated: IOUSBHostDevice <private> (ITE Device)
2025-06-20 03:05:08.792908+0100 0x2fb      Error       0x0                  0      0    kernel: (IOUSBFamily) [com.apple.usb:all] AppleUSBLegacyRoot@(null): AppleUSBLegacyRoot::addDeviceToUsbPlane:
2025-06-20 03:05:08.792974+0100 0x2fb      Error       0x0                  0      0    kernel: (IOUSBFamily) [com.apple.usb:all] AppleUSBLegacyRoot@(null): AppleUSBLegacyRoot::usbServiceCall: usbServiceCallbackGated completed with 0x00000000 and service <private>
2025-06-20 03:05:08.792983+0100 0x2fb      Error       0x0                  0      0    kernel: (IOUSBFamily) [com.apple.usb:all] AppleUSBLegacyRoot@(null): AppleUSBLegacyRoot::usbServiceCall: registering ITE Device@01b00000 (<private>) for matching
2025-06-20 03:05:08.793277+0100 0x3e2      Default     0x0                  0      0    3E1326CF-F9E2-3214-82A3-081100FBD733: (missing UUID) <compose failure [missing precomposed log]>
2025-06-20 03:05:08.793432+0100 0x3e2      Default     0x0                  0      0    3E1326CF-F9E2-3214-82A3-081100FBD733: (missing UUID) <compose failure [missing precomposed log]>
2025-06-20 03:05:08.793436+0100 0x3e2      Default     0x0                  0      0    3E1326CF-F9E2-3214-82A3-081100FBD733: (missing UUID) <compose failure [missing precomposed log]>
2025-06-20 03:05:08.793439+0100 0x3e2      Default     0x0                  0      0    3E1326CF-F9E2-3214-82A3-081100FBD733: (missing UUID) <compose failure [missing precomposed log]>
2025-06-20 03:05:08.793443+0100 0x3e2      Default     0x0                  0      0    3E1326CF-F9E2-3214-82A3-081100FBD733: (missing UUID) <compose failure [missing precomposed log]>
2025-06-20 03:05:08.793455+0100 0x3e2      Default     0x0                  0      0    3E1326CF-F9E2-3214-82A3-081100FBD733: (missing UUID) <compose failure [missing precomposed log]>
2025-06-20 03:05:08.793456+0100 0x3e2      Default     0x0                  0      0    3E1326CF-F9E2-3214-82A3-081100FBD733: (missing UUID) <compose failure [missing precomposed log]>
2025-06-20 03:05:08.793460+0100 0x3e2      Default     0x0                  0      0    3E1326CF-F9E2-3214-82A3-081100FBD733: (missing UUID) <compose failure [missing precomposed log]>
2025-06-20 03:05:08.793462+0100 0x3e2      Default     0x0                  0      0    3E1326CF-F9E2-3214-82A3-081100FBD733: (missing UUID) <compose failure [missing precomposed log]>
2025-06-20 03:05:08.793490+0100 0x3e2      Default     0x0                  0      0    kernel: (IOUSBHostFamily) IOUSBHostDevice@02e00000: IOUSBHostDevice::setConfigurationGated: IntelBluetoothFirmware selected configuration 1
2025-06-20 03:05:08.793644+0100 0x3fc      Default     0x0                  0      0    kernel: (IOUSBHostFamily) ITE Device@01b00000: IOUSBHostDevice::setConfigurationGated: AppleUSBHostCompositeDevice selected configuration 1
2025-06-20 03:05:08.798539+0100 0x584      Error       0x0                  0      0    kernel: (IOUSBFamily) [com.apple.usb:all] AppleUSBLegacyRoot@(null): AppleUSBLegacyRoot::usbServiceCallback: controller <private> (XH00) usbServiceArray <private>(count 2) options 0x00000000
2025-06-20 03:05:08.798539+0100 0x3e2      Default     0x0                  0      0    3E1326CF-F9E2-3214-82A3-081100FBD733: (missing UUID) <compose failure [missing precomposed log]>
2025-06-20 03:05:08.798541+0100 0x584      Error       0x0                  0      0    kernel: (IOUSBFamily) [com.apple.usb:all] AppleUSBLegacyRoot@(null): AppleUSBLegacyRoot::usbServiceCallback: [0] <private>
2025-06-20 03:05:08.798541+0100 0x3e2      Default     0x0                  0      0    3E1326CF-F9E2-3214-82A3-081100FBD733: (missing UUID) <compose failure [missing precomposed log]>
2025-06-20 03:05:08.798542+0100 0x584      Error       0x0                  0      0    kernel: (IOUSBFamily) [com.apple.usb:all] AppleUSBLegacyRoot@(null): AppleUSBLegacyRoot::usbServiceCall: controller <private> (XH00) usbService <private> (IOUSBHostInterface) options 0x00000000
2025-06-20 03:05:08.798546+0100 0x584      Error       0x0                  0      0    kernel: (IOUSBFamily) [com.apple.usb:all] AppleUSBLegacyRoot@(null): AppleUSBLegacyRoot::getOrCreateLegacyControllerGated: located existing AppleUSBController@02000000
2025-06-20 03:05:08.798546+0100 0x3e2      Default     0x0                  0      0    3E1326CF-F9E2-3214-82A3-081100FBD733: (missing UUID) <compose failure [missing precomposed log]>
2025-06-20 03:05:08.798547+0100 0x584      Error       0x0                  0      0    kernel: (IOUSBFamily) [com.apple.usb:all] AppleUSBLegacyRoot@(null): AppleUSBLegacyRoot::usbServiceCallGated: IOUSBHostInterface <private> (IOUSBHostInterface)
2025-06-20 03:05:08.798547+0100 0x3e2      Default     0x0                  0      0    3E1326CF-F9E2-3214-82A3-081100FBD733: (missing UUID) <compose failure [missing precomposed log]>
2025-06-20 03:05:08.799807+0100 0x2fb      Error       0x0                  0      0    kernel: (IOUSBFamily) [com.apple.usb:all] AppleUSBLegacyRoot@(null): AppleUSBLegacyRoot::usbServiceCallback: controller <private> (XH00) usbServiceArray <private>(count 1) options 0x00000000
2025-06-20 03:05:08.799809+0100 0x2fb      Error       0x0                  0      0    kernel: (IOUSBFamily) [com.apple.usb:all] AppleUSBLegacyRoot@(null): AppleUSBLegacyRoot::usbServiceCallback: [0] <private>
2025-06-20 03:05:08.799810+0100 0x2fb      Error       0x0                  0      0    kernel: (IOUSBFamily) [com.apple.usb:all] AppleUSBLegacyRoot@(null): AppleUSBLegacyRoot::usbServiceCall: controller <private> (XH00) usbService <private> (IOUSBHostInterface) options 0x00000000
2025-06-20 03:05:08.800828+0100 0x3e2      Default     0x0                  0      0    3E1326CF-F9E2-3214-82A3-081100FBD733: (missing UUID) <compose failure [missing precomposed log]>
2025-06-20 03:05:08.803107+0100 0x532      Default     0x0                  0      0    3E1326CF-F9E2-3214-82A3-081100FBD733: (missing UUID) <compose failure [missing precomposed log]>
2025-06-20 03:05:08.805451+0100 0x532      Default     0x0                  0      0    3E1326CF-F9E2-3214-82A3-081100FBD733: (missing UUID) <compose failure [missing precomposed log]>
2025-06-20 03:05:08.805536+0100 0x79       Error       0x0                  0      0    kernel: (IOUSBFamily) [com.apple.usb:all] AppleUSBLegacyRoot@(null): AppleUSBLegacyRoot::usbServiceCall: usbServiceCallbackGated completed with 0x00000000 and service <private>
2025-06-20 03:05:08.805541+0100 0x584      Error       0x0                  0      0    kernel: (IOUSBFamily) [com.apple.usb:all] AppleUSBLegacyRoot@(null): AppleUSBLegacyRoot::getOrCreateLegacyControllerGated: located existing AppleUSBController@01000000
2025-06-20 03:05:08.805542+0100 0x79       Error       0x0                  0      0    kernel: (IOUSBFamily) [com.apple.usb:all] AppleUSBLegacyRoot@(null): AppleUSBLegacyRoot::usbServiceCall: registering AppleUSBInterface@0 (<private>) for matching
2025-06-20 03:05:08.805544+0100 0x584      Error       0x0                  0      0    kernel: (IOUSBFamily) [com.apple.usb:all] AppleUSBLegacyRoot@(null): AppleUSBLegacyRoot::usbServiceCallGated: IOUSBHostInterface <private> (IOUSBHostInterface)
2025-06-20 03:05:08.805633+0100 0x584      Error       0x0                  0      0    kernel: (IOUSBFamily) [com.apple.usb:all] AppleUSBLegacyRoot@(null): AppleUSBLegacyRoot::usbServiceCall: usbServiceCallbackGated completed with 0x00000000 and service <private>
2025-06-20 03:05:08.805640+0100 0x584      Error       0x0                  0      0    kernel: (IOUSBFamily) [com.apple.usb:all] AppleUSBLegacyRoot@(null): AppleUSBLegacyRoot::usbServiceCall: registering AppleUSBInterface@0 (<private>) for matching
2025-06-20 03:05:08.805649+0100 0x79       Error       0x0                  0      0    kernel: (IOUSBFamily) [com.apple.usb:all] AppleUSBLegacyRoot@(null): AppleUSBLegacyRoot::usbServiceCallback: [1] <private>
2025-06-20 03:05:08.805651+0100 0x79       Error       0x0                  0      0    kernel: (IOUSBFamily) [com.apple.usb:all] AppleUSBLegacyRoot@(null): AppleUSBLegacyRoot::usbServiceCall: controller <private> (XH00) usbService <private> (IOUSBHostInterface) options 0x00000000
2025-06-20 03:05:08.805657+0100 0x79       Error       0x0                  0      0    kernel: (IOUSBFamily) [com.apple.usb:all] AppleUSBLegacyRoot@(null): AppleUSBLegacyRoot::getOrCreateLegacyControllerGated: located existing AppleUSBController@02000000
2025-06-20 03:05:08.805659+0100 0x79       Error       0x0                  0      0    kernel: (IOUSBFamily) [com.apple.usb:all] AppleUSBLegacyRoot@(null): AppleUSBLegacyRoot::usbServiceCallGated: IOUSBHostInterface <private> (IOUSBHostInterface)
2025-06-20 03:05:08.805715+0100 0x79       Error       0x0                  0      0    kernel: (IOUSBFamily) [com.apple.usb:all] AppleUSBLegacyRoot@(null): AppleUSBLegacyRoot::usbServiceCall: usbServiceCallbackGated completed with 0x00000000 and service <private>
2025-06-20 03:05:08.805718+0100 0x79       Error       0x0                  0      0    kernel: (IOUSBFamily) [com.apple.usb:all] AppleUSBLegacyRoot@(null): AppleUSBLegacyRoot::usbServiceCall: registering AppleUSBInterface@1 (<private>) for matching
2025-06-20 03:05:08.805728+0100 0x584      Error       0x0                  0      0    kernel: (IOUSBFamily) [com.apple.usb:all] AppleUSBLegacyRoot@(null): AppleUSBLegacyRoot::getOrCreateLegacyControllerGated: located existing AppleUSBController@01000000
2025-06-20 03:05:08.805747+0100 0x79       Error       0x0                  0      0    kernel: (IOUSBFamily) [com.apple.usb:all] AppleUSBLegacyRoot@(null): AppleUSBLegacyRoot::getOrCreateLegacyControllerGated: located existing AppleUSBController@02000000
2025-06-20 03:05:08.811269+0100 0x3fc      Default     0x0                  0      0    3E1326CF-F9E2-3214-82A3-081100FBD733: (missing UUID) <compose failure [missing precomposed log]>
2025-06-20 03:05:08.811272+0100 0x3fc      Default     0x0                  0      0    3E1326CF-F9E2-3214-82A3-081100FBD733: (missing UUID) <compose failure [missing precomposed log]>
2025-06-20 03:05:08.811365+0100 0x3fc      Default     0x0                  0      0    3E1326CF-F9E2-3214-82A3-081100FBD733: (missing UUID) <compose failure [missing precomposed log]>
2025-06-20 03:05:08.813819+0100 0x3fc      Default     0x0                  0      0    3E1326CF-F9E2-3214-82A3-081100FBD733: (missing UUID) <compose failure [missing precomposed log]>
2025-06-20 03:05:08.813834+0100 0x3fc      Default     0x0                  0      0    3E1326CF-F9E2-3214-82A3-081100FBD733: (missing UUID) <compose failure [missing precomposed log]>
2025-06-20 03:05:08.813835+0100 0x3fc      Default     0x0                  0      0    3E1326CF-F9E2-3214-82A3-081100FBD733: (missing UUID) <compose failure [missing precomposed log]>
2025-06-20 03:05:08.813836+0100 0x316      Default     0x0                  0      0    3E1326CF-F9E2-3214-82A3-081100FBD733: (missing UUID) <compose failure [missing precomposed log]>
2025-06-20 03:05:08.826117+0100 0x444      Default     0x0                  0      0    3E1326CF-F9E2-3214-82A3-081100FBD733: (missing UUID) <compose failure [missing precomposed log]>
2025-06-20 03:05:08.828267+0100 0x61b      Default     0x0                  0      0    kernel: (AppleMobileFileIntegrity) AMFI: '/System/Volumes/Preboot/Cryptexes/OS/System/Library/dyld/dyld_shared_cache_x86_64h.02' is adhoc signed.
2025-06-20 03:05:08.838073+0100 0x79       Default     0x0                  0      0    kernel: (IOUSBHostFamily) POTA@01a00000: AppleUSBHostPort::enumerateDeviceComplete_block_invoke: enumerated 0x0bda/5411/0201 (USB2.1 Hub / 2) at 480 Mbps
2025-06-20 03:05:08.838095+0100 0x532      Error       0x0                  0      0    kernel: (IOUSBFamily) [com.apple.usb:all] AppleUSBLegacyRoot@(null): AppleUSBLegacyRoot::usbServiceCallback: controller <private> (XH00) usbServiceArray <private>(count 1) options 0x00000000
